{"stats":{"minecraft:crafted":{"minecraft:oak_planks":20,"minecraft:cooked_chicken":5,"ecologics:walnut_planks":8,"minecraft:cooked_mutton":12,"minecraft:bow":5,"minecraft:chest":1,"minecraft:smoker":1,"minecraft:cooked_porkchop":7,"minecraft:crafting_table":4,"minecraft:spruce_planks":116,"minecraft:wooden_pickaxe":1,"minecraft:shield":1,"minecraft:stick":52,"minecraft:iron_ingot":36,"minecraft:stone_shovel":1,"minecraft:furnace":3,"minecraft:iron_axe":2,"minecraft:stone_pickaxe":3,"minecraft:wheat":18,"minecraft:bucket":1,"minecraft:stone_axe":3,"minecraft:bread":6,"minecraft:air":0,"minecraft:wooden_axe":2,"minecraft:white_bed":2,"minecraft:torch":200},"minecraft:broken":{"minecraft:stone_axe":1,"minecraft:stone_shovel":1,"minecraft:shield":1,"minecraft:iron_axe":2},"minecraft:dropped":{"minecraft:moss_block":2,"minecraft:diamond":2,"minecraft:crossbow":1,"ecologics:walnut_sapling":7,"minecraft:leather":4,"minecraft:emerald":7,"minecraft:gold_block":8,"minecraft:dirt":159,"minecraft:polished_blackstone_brick_stairs":1,"tombstone:bone_needle":3,"minecraft:white_wool":2,"minecraft:bone":9,"minecraft:cobbled_deepslate":11,"minecraft:cooked_chicken":3,"artifacts:villager_hat":1,"minecraft:enchanted_golden_apple":1,"minecraft:light_gray_carpet":3,"minecraft:cooked_mutton":1,"minecraft:poppy":2,"minecraft:skeleton_skull":1,"minecraft:chest":5,"minecraft:enchanted_book":1,"minecraft:water_bucket":1,"minecraft:wheat_seeds":3,"minecraft:cobbled_deepslate_stairs":2,"ecologics:coconut_seedling":1,"minecraft:iron_helmet":1,"minecraft:cobblestone":6,"minecraft:amethyst_block":1,"ecologics:crab_claw":2,"minecraft:coal":1,"minecraft:stick":2,"minecraft:diorite":2,"minecraft:wooden_axe":4,"minecraft:brown_wool":1,"tombstone:scroll_of_lightning_resistance":1,"minecraft:iron_axe":1,"minecraft:paper":3,"minecraft:string":8,"minecraft:blue_carpet":5,"minecraft:spruce_sapling":4,"minecraft:smooth_basalt":5,"minecraft:snow_block":2,"minecraft:kelp":7,"minecraft:white_carpet":9,"sophisticatedbackpacks:backpack":1,"minecraft:potato":1,"minecraft:andesite":1,"minecraft:sandstone":1,"minecraft:wooden_pickaxe":1,"minecraft:nautilus_shell":2,"minecraft:black_wool":1},"minecraft:mined":{"minecraft:blue_carpet":6,"minecraft:spruce_planks":2,"minecraft:white_bed":15,"minecraft:cobbled_deepslate_stairs":1,"minecraft:granite":12,"minecraft:grass_block":66,"minecraft:soul_soil":1,"minecraft:frosted_ice":3,"minecraft:spawner":1,"minecraft:raw_iron_block":2,"minecraft:iron_ore":15,"minecraft:fire":1,"minecraft:deepslate_lapis_ore":13,"minecraft:anvil":1,"minecraft:pointed_dripstone":4,"minecraft:skeleton_wall_skull":1,"minecraft:iron_bars":1,"ecologics:walnut_log":17,"minecraft:red_bed":2,"minecraft:kelp_plant":1,"minecraft:smoker":1,"minecraft:medium_amethyst_bud":1,"minecraft:torch":8,"minecraft:chest":10,"minecraft:cobblestone":23,"minecraft:grindstone":1,"minecraft:sugar_cane":2,"minecraft:wall_torch":3,"minecraft:skeleton_skull":2,"minecraft:chain":1,"minecraft:dark_oak_slab":1,"ecologics:seashell":2,"minecraft:birch_log":13,"minecraft:grass":23,"sleep_tight:infested_bed":1,"minecraft:sand":5,"minecraft:dirt":102,"minecraft:smooth_basalt":1,"minecraft:oak_leaves":16,"minecraft:deepslate":17,"minecraft:tuff":3,"minecraft:dark_oak_leaves":1,"minecraft:deepslate_diamond_ore":2,"minecraft:spruce_fence":3,"minecraft:redstone_wire":1,"ecologics:coconut_log":13,"minecraft:spruce_leaves":68,"minecraft:sandstone":1,"minecraft:large_fern":8,"minecraft:hay_block":2,"minecraft:redstone_ore":1,"minecraft:furnace":2,"minecraft:snow":7,"minecraft:andesite":4,"minecraft:stripped_spruce_log":3,"minecraft:gold_block":8,"minecraft:bookshelf":1,"minecraft:deepslate_iron_ore":7,"minecraft:vine":1,"minecraft:lantern":1,"minecraft:stone":114,"minecraft:oak_slab":2,"minecraft:light_gray_carpet":3,"minecraft:crafting_table":5,"minecraft:lectern":1,"minecraft:campfire":47,"minecraft:tall_grass":2,"minecraft:lapis_ore":7,"minecraft:deepslate_gold_ore":7,"minecraft:polished_blackstone_brick_stairs":1,"minecraft:sculk":109,"minecraft:diorite":2,"minecraft:spruce_stairs":1,"minecraft:sea_pickle":2,"minecraft:ice":44,"minecraft:white_carpet":9,"minecraft:spruce_log":23,"minecraft:yellow_bed":3,"minecraft:coal_ore":64,"ecologics:hanging_coconut":1,"minecraft:ochre_froglight":3,"minecraft:dripstone_block":17,"minecraft:gold_ore":6,"minecraft:fern":2},"minecraft:picked_up":{"minecraft:wooden_axe":4,"minecraft:seagrass":2,"minecraft:iron_chestplate":1,"minecraft:anvil":1,"minecraft:lead":16,"minecraft:enchanted_book":1,"minecraft:amethyst_block":1,"minecraft:polished_blackstone_brick_stairs":1,"minecraft:string":11,"minecraft:iron_leggings":1,"minecraft:sea_pickle":4,"minecraft:cobbled_deepslate":29,"minecraft:spruce_planks":3,"minecraft:iron_boots":2,"ecologics:crab_claw":5,"minecraft:furnace":4,"minecraft:tipped_arrow":1,"minecraft:stick":21,"ecologics:walnut_log":17,"minecraft:big_dripleaf":2,"minecraft:torch":41,"ecologics:coconut_seedling":3,"minecraft:porkchop":54,"minecraft:snow_block":2,"tombstone:bone_needle":3,"tombstone:grave_dust":17,"minecraft:pointed_dripstone":16,"minecraft:diorite":2,"minecraft:rotten_flesh":57,"ecologics:coconut_log":19,"minecraft:obsidian":1,"minecraft:snowball":11,"minecraft:cod":1,"minecraft:cobblestone":151,"minecraft:nautilus_shell":3,"minecraft:birch_log":11,"ecologics:walnut":18,"minecraft:feather":7,"minecraft:cooked_beef":1,"minecraft:andesite":1,"spartanshields:iron_basic_shield":1,"minecraft:brown_wool":2,"minecraft:smoker":1,"minecraft:potato":1,"minecraft:tuff":3,"minecraft:lapis_lazuli":141,"minecraft:dirt":310,"minecraft:lantern":6,"minecraft:bone":62,"minecraft:bow":8,"minecraft:wheat_seeds":8,"minecraft:raw_gold":14,"minecraft:grindstone":1,"minecraft:glowstone_dust":2,"minecraft:oak_planks":6,"minecraft:cooked_porkchop":11,"minecraft:sand":59,"ecologics:coconut_husk":13,"sophisticatedbackpacks:iron_backpack":1,"minecraft:dark_oak_log":36,"minecraft:bundle":2,"minecraft:diamond":2,"minecraft:crossbow":2,"minecraft:granite":8,"minecraft:golden_apple":1,"minecraft:spruce_sign":3,"minecraft:bread":21,"minecraft:emerald":4,"minecraft:oak_sapling":4,"minecraft:light_gray_carpet":3,"minecraft:charcoal":118,"minecraft:crafting_table":5,"minecraft:chicken":7,"ecologics:seashell":2,"minecraft:wooden_pickaxe":1,"minecraft:gold_block":8,"minecraft:shield":2,"minecraft:iron_axe":2,"minecraft:wooden_sword":1,"minecraft:white_carpet":9,"ecologics:walnut_sapling":12,"minecraft:beef":6,"minecraft:oak_boat":1,"minecraft:lectern":2,"minecraft:sugar_cane":26,"minecraft:chest":11,"minecraft:birch_sapling":59,"minecraft:spruce_trapdoor":3,"minecraft:egg":5,"minecraft:dark_oak_sapling":6,"minecraft:raw_iron":24,"minecraft:sandstone":1,"ecologics:coconut_slice":51,"sophisticatedbackpacks:backpack":1,"minecraft:spruce_fence":2,"minecraft:fire_charge":2,"minecraft:redstone":4,"minecraft:blue_carpet":5,"minecraft:arrow":68,"minecraft:hay_block":2,"minecraft:saddle":1,"minecraft:gold_ingot":2,"minecraft:mutton":27,"minecraft:white_wool":8,"minecraft:skeleton_skull":3,"minecraft:leather":2,"minecraft:ochre_froglight":2,"minecraft:oak_log":11,"sleep_tight:hammock_white":1,"minecraft:yellow_bed":3,"minecraft:cobbled_deepslate_stairs":2,"minecraft:gunpowder":11,"minecraft:cooked_mutton":14,"minecraft:apple":4,"minecraft:gray_carpet":1,"minecraft:kelp":19,"minecraft:iron_ingot":4,"tombstone:bag_of_seeds":1,"minecraft:glass_bottle":3,"minecraft:oak_slab":3,"minecraft:black_candle":2,"minecraft:milk_bucket":1,"minecraft:smooth_basalt":5,"minecraft:dark_oak_slab":2,"minecraft:birch_boat":2,"minecraft:raw_iron_block":2,"minecraft:dripstone_block":22,"minecraft:spruce_sapling":19,"minecraft:white_bed":16,"minecraft:spruce_log":29,"minecraft:spider_eye":3,"minecraft:iron_helmet":2,"minecraft:baked_potato":2,"tombstone:magic_scroll":1,"minecraft:black_wool":1,"minecraft:coal":78},"minecraft:killed_by":{"minecraft:creeper":2,"artifacts:mimic":1},"minecraft:killed":{"minecraft:witch":2,"minecraft:spider":22,"minecraft:skeleton":79,"minecraft:bee":4,"minecraft:chicken":7,"ecologics:coconut_crab":4,"minecraft:pig":18,"minecraft:zombie_villager":2,"minecraft:creeper":14,"minecraft:sheep":16,"minecraft:pillager":2,"minecraft:zombie":70,"minecraft:stray":2,"minecraft:cow":3,"minecraft:drowned":4},"minecraft:custom":{"minecraft:interact_with_crafting_table":28,"minecraft:open_barrel":37,"minecraft:eat_cake_slice":2,"minecraft:leave_game":9,"minecraft:time_since_death":184874,"minecraft:sprint_one_cm":1033935,"minecraft:damage_blocked_by_shield":3060,"minecraft:drop":94,"minecraft:talked_to_villager":4,"minecraft:play_time":438465,"minecraft:deaths":3,"minecraft:jump":7768,"minecraft:interact_with_brewingstand":1,"minecraft:walk_on_water_one_cm":86489,"minecraft:interact_with_furnace":26,"minecraft:sleep_in_bed":18,"minecraft:damage_dealt":21125,"minecraft:player_kills":1,"minecraft:crouch_one_cm":32270,"tombstone:undead_killed":71,"minecraft:interact_with_smoker":6,"minecraft:horse_one_cm":1077983,"minecraft:mob_kills":158,"minecraft:inspect_hopper":1,"minecraft:climb_one_cm":1729,"minecraft:walk_one_cm":1404358,"minecraft:damage_dealt_absorbed":80,"minecraft:sneak_time":10517,"minecraft:walk_under_water_one_cm":55054,"minecraft:boat_one_cm":490883,"minecraft:interact_with_lectern":32,"minecraft:interact_with_blast_furnace":1,"minecraft:total_world_time":438465,"tombstone:raider_killed":2,"minecraft:time_since_rest":35912,"minecraft:damage_taken":7278,"tombstone:cast_on_ally":1,"minecraft:swim_one_cm":196869,"minecraft:fly_one_cm":1337266,"minecraft:open_chest":97,"minecraft:fall_one_cm":185296},"minecraft:used":{"minecraft:chest":7,"minecraft:shield":44,"minecraft:mutton":7,"minecraft:axolotl_bucket":26,"minecraft:snowball":5,"minecraft:milk_bucket":1,"minecraft:obsidian":1,"minecraft:bow":87,"spartanshields:iron_basic_shield":15,"minecraft:furnace":6,"minecraft:skeleton_skull":1,"minecraft:egg":1,"minecraft:stone_pickaxe":185,"minecraft:oak_planks":2,"minecraft:wooden_pickaxe":13,"minecraft:glow_berries":13,"minecraft:sand":1,"minecraft:crossbow":1,"minecraft:ochre_froglight":2,"minecraft:dark_oak_log":16,"minecraft:bread":87,"ecologics:coconut_slice":2,"minecraft:wooden_sword":17,"minecraft:birch_log":1,"minecraft:oak_boat":1,"minecraft:stone_shovel":131,"minecraft:spruce_planks":1,"minecraft:cooked_chicken":2,"minecraft:torch":205,"minecraft:dirt":81,"minecraft:spruce_fence":1,"minecraft:granite":1,"minecraft:wooden_axe":62,"minecraft:iron_axe":296,"ecologics:walnut":16,"tombstone:gift":7,"minecraft:cooked_beef":1,"minecraft:beetroot_soup":1,"minecraft:cooked_mutton":17,"minecraft:water_bucket":9,"minecraft:snow_block":2,"minecraft:birch_boat":2,"minecraft:spruce_sign":1,"minecraft:crafting_table":7,"minecraft:white_bed":18,"minecraft:smoker":1,"tombstone:bag_of_seeds":1,"minecraft:iron_pickaxe":217,"tombstone:magic_scroll":2,"minecraft:spruce_trapdoor":3,"minecraft:stone_axe":168,"minecraft:cobblestone":120,"minecraft:cooked_porkchop":17,"minecraft:porkchop":8,"minecraft:bucket":37,"minecraft:yellow_bed":3,"minecraft:sea_pickle":1,"tombstone:scroll_of_unstable_intangibility":1}},"DataVersion":3465}