{"stats":{"minecraft:broken":{"minecraft:stone_axe":1,"minecraft:stone_shovel":1},"minecraft:killed":{"minecraft:spider":8,"minecraft:skeleton":19,"minecraft:bee":4,"minecraft:chicken":7,"ecologics:coconut_crab":2,"minecraft:pig":18,"minecraft:zombie_villager":2,"minecraft:creeper":2,"minecraft:sheep":16,"minecraft:pillager":2,"minecraft:zombie":16,"minecraft:stray":2,"minecraft:cow":1},"minecraft:used":{"minecraft:stone_shovel":131,"minecraft:chest":1,"minecraft:spruce_planks":1,"minecraft:shield":3,"minecraft:cooked_chicken":2,"minecraft:torch":80,"minecraft:dirt":58,"minecraft:mutton":7,"minecraft:snowball":5,"minecraft:milk_bucket":1,"minecraft:obsidian":1,"minecraft:wooden_axe":48,"minecraft:iron_axe":41,"minecraft:bow":15,"minecraft:furnace":3,"ecologics:walnut":9,"minecraft:egg":1,"minecraft:cooked_mutton":6,"minecraft:snow_block":2,"minecraft:oak_planks":2,"minecraft:stone_pickaxe":167,"minecraft:wooden_pickaxe":13,"minecraft:glow_berries":13,"minecraft:crafting_table":4,"minecraft:white_bed":18,"minecraft:bread":15,"minecraft:stone_axe":168,"minecraft:wooden_sword":17,"minecraft:cobblestone":41,"minecraft:porkchop":8,"minecraft:cooked_porkchop":7,"minecraft:bucket":1,"minecraft:sea_pickle":1},"minecraft:killed_by":{"minecraft:creeper":1},"minecraft:custom":{"minecraft:mob_kills":80,"minecraft:inspect_hopper":1,"minecraft:interact_with_crafting_table":16,"minecraft:leave_game":5,"minecraft:time_since_death":109342,"minecraft:climb_one_cm":752,"minecraft:sprint_one_cm":353571,"minecraft:walk_one_cm":624078,"minecraft:damage_blocked_by_shield":165,"minecraft:drop":44,"minecraft:talked_to_villager":3,"minecraft:play_time":170261,"minecraft:deaths":1,"minecraft:sneak_time":3832,"minecraft:walk_under_water_one_cm":6926,"minecraft:jump":2688,"minecraft:walk_on_water_one_cm":14046,"minecraft:total_world_time":170261,"minecraft:interact_with_furnace":18,"tombstone:raider_killed":1,"minecraft:sleep_in_bed":11,"minecraft:time_since_rest":8509,"minecraft:damage_taken":2242,"minecraft:damage_dealt":8698,"minecraft:swim_one_cm":699,"minecraft:fly_one_cm":452088,"minecraft:open_chest":28,"minecraft:crouch_one_cm":10913,"tombstone:undead_killed":12,"minecraft:interact_with_smoker":4,"minecraft:fall_one_cm":55443,"minecraft:horse_one_cm":1077983},"minecraft:dropped":{"minecraft:water_bucket":1,"minecraft:moss_block":2,"minecraft:wheat_seeds":2,"minecraft:cobblestone":6,"ecologics:walnut_sapling":7,"minecraft:leather":4,"minecraft:amethyst_block":1,"minecraft:coal":1,"minecraft:stick":2,"minecraft:dirt":159,"minecraft:diorite":2,"minecraft:wooden_axe":3,"minecraft:brown_wool":1,"tombstone:scroll_of_lightning_resistance":1,"minecraft:paper":3,"minecraft:string":1,"minecraft:blue_carpet":5,"minecraft:white_wool":2,"minecraft:spruce_sapling":4,"minecraft:smooth_basalt":5,"minecraft:snow_block":2,"minecraft:cooked_chicken":3,"minecraft:cobbled_deepslate":11,"minecraft:cooked_mutton":1,"minecraft:poppy":2,"minecraft:andesite":1,"minecraft:chest":5,"minecraft:wooden_pickaxe":1,"minecraft:black_wool":1},"minecraft:crafted":{"minecraft:oak_planks":8,"minecraft:stone_shovel":1,"minecraft:cooked_chicken":5,"minecraft:furnace":1,"minecraft:cooked_mutton":12,"minecraft:iron_axe":1,"minecraft:stone_pickaxe":3,"minecraft:chest":1,"minecraft:cooked_porkchop":7,"minecraft:crafting_table":2,"minecraft:spruce_planks":112,"minecraft:wooden_pickaxe":1,"minecraft:stone_axe":3,"minecraft:air":0,"minecraft:stick":32,"minecraft:wooden_axe":1,"minecraft:white_bed":2,"minecraft:torch":112},"minecraft:picked_up":{"minecraft:wooden_axe":3,"minecraft:crafting_table":3,"minecraft:charcoal":58,"minecraft:iron_chestplate":1,"minecraft:chicken":7,"minecraft:lead":16,"ecologics:seashell":2,"minecraft:wooden_pickaxe":1,"minecraft:shield":1,"minecraft:amethyst_block":1,"minecraft:string":5,"minecraft:wooden_sword":1,"minecraft:iron_leggings":1,"ecologics:walnut_sapling":7,"minecraft:sea_pickle":4,"minecraft:cobbled_deepslate":11,"minecraft:spruce_planks":3,"minecraft:beef":4,"minecraft:lectern":1,"minecraft:sugar_cane":10,"minecraft:chest":6,"minecraft:egg":5,"minecraft:iron_boots":1,"minecraft:furnace":2,"minecraft:tipped_arrow":1,"minecraft:stick":18,"minecraft:raw_iron":11,"ecologics:walnut_log":9,"ecologics:coconut_slice":8,"minecraft:torch":3,"ecologics:coconut_seedling":1,"sophisticatedbackpacks:backpack":1,"minecraft:snow_block":2,"minecraft:porkchop":36,"tombstone:grave_dust":1,"minecraft:pointed_dripstone":5,"minecraft:diorite":2,"minecraft:blue_carpet":5,"minecraft:rotten_flesh":18,"minecraft:arrow":12,"ecologics:coconut_log":16,"minecraft:mutton":23,"minecraft:snowball":11,"minecraft:white_wool":8,"minecraft:cobblestone":102,"ecologics:walnut":9,"minecraft:feather":7,"minecraft:andesite":1,"minecraft:brown_wool":1,"minecraft:smoker":1,"minecraft:oak_log":11,"minecraft:gunpowder":4,"minecraft:lapis_lazuli":113,"minecraft:dirt":226,"minecraft:lantern":1,"minecraft:cooked_mutton":3,"minecraft:bone":12,"minecraft:apple":3,"minecraft:bow":1,"minecraft:wheat_seeds":4,"minecraft:iron_ingot":3,"minecraft:glowstone_dust":2,"minecraft:smooth_basalt":5,"minecraft:milk_bucket":1,"minecraft:cooked_porkchop":2,"minecraft:dripstone_block":22,"minecraft:spruce_sapling":19,"minecraft:white_bed":16,"minecraft:spruce_log":28,"minecraft:bundle":1,"minecraft:iron_helmet":1,"minecraft:golden_apple":1,"minecraft:bread":16,"minecraft:oak_sapling":4,"minecraft:coal":38,"minecraft:black_wool":1},"minecraft:mined":{"minecraft:blue_carpet":6,"minecraft:spruce_planks":1,"minecraft:white_bed":15,"minecraft:grass_block":63,"ecologics:coconut_log":10,"minecraft:spruce_leaves":67,"minecraft:large_fern":8,"minecraft:furnace":2,"minecraft:iron_ore":8,"minecraft:snow":7,"minecraft:andesite":1,"minecraft:stripped_spruce_log":3,"minecraft:deepslate_lapis_ore":10,"minecraft:bookshelf":1,"minecraft:pointed_dripstone":4,"minecraft:deepslate_iron_ore":3,"minecraft:vine":1,"minecraft:lantern":1,"ecologics:walnut_log":9,"minecraft:stone":79,"minecraft:smoker":1,"minecraft:crafting_table":3,"minecraft:torch":2,"minecraft:chest":6,"minecraft:lectern":1,"minecraft:campfire":16,"minecraft:cobblestone":10,"minecraft:lapis_ore":6,"minecraft:sugar_cane":2,"minecraft:diorite":2,"minecraft:wall_torch":1,"ecologics:seashell":2,"minecraft:sea_pickle":2,"minecraft:ice":44,"minecraft:spruce_log":22,"minecraft:grass":14,"minecraft:coal_ore":23,"ecologics:hanging_coconut":1,"minecraft:sand":3,"minecraft:dripstone_block":17,"minecraft:dirt":101,"minecraft:smooth_basalt":1,"minecraft:oak_leaves":12,"minecraft:deepslate":3,"minecraft:fern":2}},"DataVersion":3465}