{"stats":{"minecraft:used":{"minecraft:cooked_mutton":1,"minecraft:wooden_axe":15,"minecraft:stone_pickaxe":43,"minecraft:spruce_planks":1,"minecraft:stone_axe":19,"minecraft:wooden_sword":16,"minecraft:dirt":21,"minecraft:mutton":7,"minecraft:crafting_table":1,"minecraft:furnace":1,"minecraft:white_bed":6},"minecraft:custom":{"minecraft:time_since_rest":7478,"minecraft:interact_with_furnace":4,"minecraft:sprint_one_cm":46687,"minecraft:damage_taken":120,"minecraft:walk_one_cm":76153,"minecraft:mob_kills":13,"minecraft:damage_dealt":840,"minecraft:interact_with_crafting_table":5,"minecraft:fly_one_cm":83151,"minecraft:crouch_one_cm":1577,"minecraft:play_time":25269,"minecraft:sneak_time":577,"minecraft:walk_under_water_one_cm":5776,"minecraft:jump":424,"minecraft:leave_game":2,"minecraft:time_since_death":25269,"minecraft:walk_on_water_one_cm":2132,"minecraft:sleep_in_bed":2,"minecraft:total_world_time":25269,"minecraft:fall_one_cm":4683},"minecraft:killed":{"minecraft:sheep":8,"minecraft:chicken":5},"minecraft:crafted":{"minecraft:crafting_table":1,"minecraft:spruce_planks":72,"minecraft:stick":16,"minecraft:cooked_chicken":3,"minecraft:stone_pickaxe":1,"minecraft:furnace":1,"minecraft:white_bed":2,"minecraft:stone_axe":1,"minecraft:cooked_mutton":2,"minecraft:air":0},"minecraft:mined":{"minecraft:large_fern":1,"minecraft:spruce_planks":1,"minecraft:white_bed":6,"minecraft:furnace":1,"minecraft:ice":41,"minecraft:spruce_log":12,"minecraft:crafting_table":2,"minecraft:grass_block":11,"minecraft:coal_ore":14,"minecraft:dirt":19,"minecraft:spruce_leaves":46,"minecraft:stone":25,"minecraft:sugar_cane":2},"minecraft:picked_up":{"minecraft:wooden_axe":1,"minecraft:stick":5,"minecraft:crafting_table":1,"minecraft:feather":4,"minecraft:chicken":5,"minecraft:brown_wool":1,"minecraft:spruce_sapling":3,"minecraft:white_bed":6,"minecraft:spruce_log":18,"minecraft:dirt":30,"minecraft:wooden_sword":1,"minecraft:wheat_seeds":1,"minecraft:spruce_planks":3,"minecraft:sugar_cane":6,"minecraft:coal":17,"minecraft:mutton":11,"minecraft:furnace":1,"minecraft:white_wool":7,"minecraft:cobblestone":36,"minecraft:egg":4}},"DataVersion":3465}