{"stats":{"minecraft:used":{"minecraft:cooked_mutton":1,"minecraft:wooden_axe":15,"minecraft:stone_shovel":122,"minecraft:stone_pickaxe":66,"minecraft:spruce_planks":1,"minecraft:cooked_chicken":2,"minecraft:stone_axe":30,"minecraft:wooden_sword":16,"minecraft:dirt":43,"minecraft:mutton":7,"minecraft:crafting_table":2,"minecraft:furnace":3,"minecraft:white_bed":8},"minecraft:custom":{"minecraft:time_since_rest":6648,"minecraft:interact_with_furnace":7,"minecraft:sprint_one_cm":97271,"minecraft:damage_taken":210,"minecraft:walk_one_cm":123199,"minecraft:mob_kills":20,"minecraft:drop":3,"minecraft:damage_dealt":1400,"minecraft:interact_with_crafting_table":6,"minecraft:fly_one_cm":138343,"minecraft:crouch_one_cm":2844,"minecraft:play_time":37269,"minecraft:sneak_time":962,"minecraft:walk_under_water_one_cm":5776,"minecraft:jump":701,"minecraft:leave_game":2,"minecraft:time_since_death":37269,"minecraft:walk_on_water_one_cm":2144,"minecraft:sleep_in_bed":3,"minecraft:total_world_time":37269,"minecraft:fall_one_cm":10139},"minecraft:killed":{"minecraft:sheep":9,"minecraft:pig":4,"minecraft:chicken":7},"minecraft:crafted":{"minecraft:stone_shovel":1,"minecraft:crafting_table":1,"minecraft:spruce_planks":72,"minecraft:stick":16,"minecraft:cooked_chicken":5,"minecraft:stone_pickaxe":1,"minecraft:furnace":1,"minecraft:white_bed":2,"minecraft:stone_axe":1,"minecraft:cooked_mutton":2,"minecraft:air":0},"minecraft:dropped":{"minecraft:dirt":42,"minecraft:cooked_chicken":3,"minecraft:cooked_mutton":1},"minecraft:mined":{"minecraft:large_fern":2,"minecraft:spruce_planks":1,"minecraft:white_bed":7,"minecraft:furnace":2,"minecraft:snow":1,"minecraft:ice":44,"minecraft:spruce_log":12,"minecraft:crafting_table":2,"minecraft:grass_block":55,"minecraft:coal_ore":14,"minecraft:dirt":96,"minecraft:spruce_leaves":47,"minecraft:stone":47,"minecraft:sugar_cane":2,"minecraft:fern":2},"minecraft:picked_up":{"minecraft:wooden_axe":1,"minecraft:stick":5,"minecraft:crafting_table":1,"minecraft:feather":7,"minecraft:chicken":7,"minecraft:brown_wool":1,"minecraft:porkchop":9,"minecraft:spruce_sapling":3,"minecraft:white_bed":7,"minecraft:spruce_log":18,"minecraft:dirt":198,"minecraft:wooden_sword":1,"minecraft:wheat_seeds":1,"minecraft:spruce_planks":3,"minecraft:snowball":1,"minecraft:black_wool":1,"minecraft:sugar_cane":6,"minecraft:coal":29,"minecraft:mutton":12,"minecraft:furnace":2,"minecraft:white_wool":7,"minecraft:cobblestone":59,"minecraft:egg":4}},"DataVersion":3465}