{"stats":{"minecraft:broken":{"minecraft:stone_shovel":1},"minecraft:killed":{"minecraft:spider":2,"minecraft:skeleton":9,"minecraft:chicken":7,"minecraft:pig":18,"minecraft:creeper":2,"minecraft:sheep":16,"minecraft:zombie":6,"minecraft:stray":2,"minecraft:cow":1},"minecraft:used":{"minecraft:stone_shovel":131,"minecraft:chest":1,"minecraft:spruce_planks":1,"minecraft:shield":3,"minecraft:cooked_chicken":2,"minecraft:torch":80,"minecraft:dirt":58,"minecraft:mutton":7,"minecraft:snowball":5,"minecraft:obsidian":1,"minecraft:wooden_axe":48,"minecraft:bow":8,"minecraft:furnace":3,"ecologics:walnut":9,"minecraft:egg":1,"minecraft:cooked_mutton":6,"minecraft:snow_block":2,"minecraft:stone_pickaxe":167,"minecraft:wooden_pickaxe":13,"minecraft:glow_berries":13,"minecraft:crafting_table":4,"minecraft:white_bed":12,"minecraft:bread":3,"minecraft:stone_axe":141,"minecraft:wooden_sword":17,"minecraft:cobblestone":39,"minecraft:porkchop":8,"minecraft:cooked_porkchop":7,"minecraft:sea_pickle":1},"minecraft:killed_by":{"minecraft:creeper":1},"minecraft:custom":{"minecraft:mob_kills":62,"minecraft:inspect_hopper":1,"minecraft:interact_with_crafting_table":14,"minecraft:leave_game":3,"minecraft:time_since_death":61533,"minecraft:climb_one_cm":752,"minecraft:sprint_one_cm":312592,"minecraft:walk_one_cm":406505,"minecraft:damage_blocked_by_shield":165,"minecraft:drop":42,"minecraft:play_time":122452,"minecraft:deaths":1,"minecraft:sneak_time":3586,"minecraft:walk_under_water_one_cm":6926,"minecraft:jump":2399,"minecraft:walk_on_water_one_cm":12402,"minecraft:total_world_time":122452,"minecraft:interact_with_furnace":18,"minecraft:sleep_in_bed":5,"minecraft:time_since_rest":15084,"minecraft:damage_taken":1619,"minecraft:damage_dealt":6490,"minecraft:swim_one_cm":699,"minecraft:fly_one_cm":418893,"minecraft:open_chest":27,"minecraft:crouch_one_cm":10591,"tombstone:undead_killed":1,"minecraft:interact_with_smoker":4,"minecraft:fall_one_cm":52399,"minecraft:horse_one_cm":386623},"minecraft:dropped":{"minecraft:moss_block":2,"minecraft:wheat_seeds":2,"minecraft:cobblestone":6,"ecologics:walnut_sapling":7,"minecraft:leather":4,"minecraft:amethyst_block":1,"minecraft:coal":1,"minecraft:stick":2,"minecraft:dirt":159,"minecraft:diorite":2,"minecraft:wooden_axe":3,"minecraft:brown_wool":1,"minecraft:paper":3,"minecraft:string":1,"minecraft:blue_carpet":5,"minecraft:white_wool":2,"minecraft:spruce_sapling":4,"minecraft:smooth_basalt":5,"minecraft:snow_block":2,"minecraft:cooked_chicken":3,"minecraft:cobbled_deepslate":11,"minecraft:cooked_mutton":1,"minecraft:poppy":2,"minecraft:andesite":1,"minecraft:chest":5,"minecraft:wooden_pickaxe":1,"minecraft:black_wool":1},"minecraft:crafted":{"minecraft:stone_shovel":1,"minecraft:cooked_chicken":5,"minecraft:furnace":1,"minecraft:cooked_mutton":12,"minecraft:stone_pickaxe":3,"minecraft:chest":1,"minecraft:cooked_porkchop":7,"minecraft:crafting_table":2,"minecraft:spruce_planks":112,"minecraft:wooden_pickaxe":1,"minecraft:stone_axe":3,"minecraft:air":0,"minecraft:stick":28,"minecraft:wooden_axe":1,"minecraft:white_bed":2,"minecraft:torch":112},"minecraft:picked_up":{"minecraft:wooden_axe":3,"minecraft:crafting_table":3,"minecraft:charcoal":58,"minecraft:iron_chestplate":1,"minecraft:chicken":7,"minecraft:wooden_pickaxe":1,"minecraft:shield":1,"minecraft:amethyst_block":1,"minecraft:string":1,"minecraft:wooden_sword":1,"minecraft:iron_leggings":1,"ecologics:walnut_sapling":7,"minecraft:sea_pickle":4,"minecraft:cobbled_deepslate":11,"minecraft:spruce_planks":3,"minecraft:beef":4,"minecraft:lectern":1,"minecraft:sugar_cane":10,"minecraft:chest":6,"minecraft:egg":5,"minecraft:iron_boots":1,"minecraft:furnace":2,"minecraft:tipped_arrow":1,"minecraft:stick":13,"minecraft:raw_iron":11,"ecologics:walnut_log":9,"minecraft:torch":3,"sophisticatedbackpacks:backpack":1,"minecraft:snow_block":2,"minecraft:porkchop":36,"minecraft:pointed_dripstone":5,"minecraft:diorite":2,"minecraft:blue_carpet":5,"minecraft:rotten_flesh":12,"minecraft:arrow":7,"minecraft:mutton":23,"minecraft:snowball":11,"minecraft:white_wool":8,"minecraft:cobblestone":100,"ecologics:walnut":9,"minecraft:feather":7,"minecraft:andesite":1,"minecraft:brown_wool":1,"minecraft:smoker":1,"minecraft:oak_log":7,"minecraft:gunpowder":4,"minecraft:lapis_lazuli":113,"minecraft:dirt":217,"minecraft:lantern":1,"minecraft:cooked_mutton":3,"minecraft:bone":9,"minecraft:bow":1,"minecraft:wheat_seeds":2,"minecraft:smooth_basalt":5,"minecraft:cooked_porkchop":2,"minecraft:dripstone_block":22,"minecraft:spruce_sapling":17,"minecraft:white_bed":11,"minecraft:spruce_log":28,"minecraft:iron_helmet":1,"minecraft:bread":16,"minecraft:oak_sapling":2,"minecraft:coal":38,"minecraft:black_wool":1},"minecraft:mined":{"minecraft:blue_carpet":6,"minecraft:spruce_planks":1,"minecraft:white_bed":11,"minecraft:grass_block":59,"minecraft:spruce_leaves":57,"minecraft:large_fern":6,"minecraft:furnace":2,"minecraft:iron_ore":8,"minecraft:snow":7,"minecraft:andesite":1,"minecraft:stripped_spruce_log":3,"minecraft:deepslate_lapis_ore":10,"minecraft:bookshelf":1,"minecraft:pointed_dripstone":4,"minecraft:deepslate_iron_ore":3,"minecraft:vine":1,"minecraft:lantern":1,"ecologics:walnut_log":9,"minecraft:stone":79,"minecraft:smoker":1,"minecraft:crafting_table":3,"minecraft:torch":2,"minecraft:chest":6,"minecraft:lectern":1,"minecraft:campfire":16,"minecraft:cobblestone":10,"minecraft:lapis_ore":6,"minecraft:sugar_cane":2,"minecraft:diorite":2,"minecraft:wall_torch":1,"minecraft:sea_pickle":2,"minecraft:ice":44,"minecraft:spruce_log":22,"minecraft:grass":9,"minecraft:coal_ore":23,"minecraft:dripstone_block":17,"minecraft:dirt":96,"minecraft:smooth_basalt":1,"minecraft:oak_leaves":3,"minecraft:deepslate":3,"minecraft:fern":2}},"DataVersion":3465}