{"stats":{"minecraft:mined":{"minecraft:blue_carpet":6,"minecraft:tuff":3,"minecraft:spruce_planks":1,"minecraft:white_bed":15,"minecraft:deepslate_diamond_ore":2,"minecraft:granite":12,"minecraft:grass_block":66,"ecologics:coconut_log":13,"minecraft:spruce_leaves":68,"minecraft:large_fern":8,"minecraft:hay_block":2,"minecraft:redstone_ore":1,"minecraft:furnace":2,"minecraft:iron_ore":15,"minecraft:snow":7,"minecraft:andesite":4,"minecraft:stripped_spruce_log":3,"minecraft:anvil":1,"minecraft:deepslate_lapis_ore":13,"minecraft:bookshelf":1,"minecraft:pointed_dripstone":4,"minecraft:deepslate_iron_ore":7,"minecraft:vine":1,"minecraft:lantern":1,"ecologics:walnut_log":17,"minecraft:stone":114,"minecraft:light_gray_carpet":3,"minecraft:smoker":1,"minecraft:crafting_table":5,"minecraft:torch":8,"minecraft:chest":10,"minecraft:campfire":47,"minecraft:lectern":1,"minecraft:cobblestone":23,"minecraft:deepslate_gold_ore":7,"minecraft:lapis_ore":7,"minecraft:grindstone":1,"minecraft:sugar_cane":2,"minecraft:sculk":109,"minecraft:diorite":2,"minecraft:wall_torch":3,"ecologics:seashell":2,"minecraft:sea_pickle":2,"minecraft:birch_log":13,"minecraft:ice":44,"minecraft:white_carpet":9,"minecraft:spruce_log":23,"minecraft:grass":15,"minecraft:coal_ore":63,"ecologics:hanging_coconut":1,"minecraft:dirt":102,"minecraft:dripstone_block":17,"minecraft:sand":4,"minecraft:smooth_basalt":1,"minecraft:gold_ore":6,"minecraft:oak_leaves":15,"minecraft:deepslate":16,"minecraft:fern":2},"minecraft:dropped":{"minecraft:water_bucket":1,"minecraft:enchanted_book":1,"minecraft:moss_block":2,"minecraft:wheat_seeds":3,"minecraft:diamond":2,"minecraft:cobblestone":6,"ecologics:walnut_sapling":7,"minecraft:amethyst_block":1,"minecraft:leather":4,"ecologics:crab_claw":2,"minecraft:coal":1,"minecraft:stick":2,"minecraft:dirt":159,"minecraft:diorite":2,"minecraft:wooden_axe":4,"minecraft:brown_wool":1,"tombstone:bone_needle":3,"tombstone:scroll_of_lightning_resistance":1,"minecraft:iron_axe":1,"minecraft:paper":3,"minecraft:string":6,"minecraft:blue_carpet":5,"minecraft:white_wool":2,"minecraft:spruce_sapling":4,"minecraft:smooth_basalt":5,"minecraft:bone":9,"minecraft:snow_block":2,"minecraft:cooked_chicken":3,"minecraft:cobbled_deepslate":11,"minecraft:white_carpet":9,"minecraft:enchanted_golden_apple":1,"minecraft:light_gray_carpet":3,"sophisticatedbackpacks:backpack":1,"minecraft:cooked_mutton":1,"minecraft:poppy":2,"minecraft:potato":1,"minecraft:andesite":1,"minecraft:chest":5,"minecraft:wooden_pickaxe":1,"minecraft:black_wool":1},"minecraft:custom":{"minecraft:mob_kills":116,"minecraft:inspect_hopper":1,"minecraft:interact_with_crafting_table":28,"minecraft:open_barrel":20,"minecraft:eat_cake_slice":2,"minecraft:leave_game":8,"minecraft:time_since_death":60543,"minecraft:climb_one_cm":1729,"minecraft:sprint_one_cm":696933,"minecraft:walk_one_cm":1116656,"minecraft:damage_blocked_by_shield":2340,"minecraft:drop":71,"minecraft:damage_dealt_absorbed":80,"minecraft:talked_to_villager":3,"minecraft:play_time":314134,"minecraft:sneak_time":6724,"minecraft:deaths":3,"minecraft:walk_under_water_one_cm":13151,"minecraft:boat_one_cm":54621,"minecraft:interact_with_brewingstand":1,"minecraft:jump":5730,"minecraft:interact_with_blast_furnace":1,"minecraft:walk_on_water_one_cm":37196,"minecraft:total_world_time":314134,"minecraft:interact_with_furnace":25,"tombstone:raider_killed":2,"minecraft:sleep_in_bed":15,"minecraft:time_since_rest":38299,"minecraft:damage_taken":4818,"minecraft:damage_dealt":15815,"minecraft:swim_one_cm":14982,"minecraft:fly_one_cm":873039,"minecraft:open_chest":59,"minecraft:crouch_one_cm":19555,"tombstone:undead_killed":41,"minecraft:interact_with_smoker":6,"minecraft:fall_one_cm":127409,"minecraft:horse_one_cm":1077983},"minecraft:crafted":{"minecraft:oak_planks":20,"minecraft:stone_shovel":1,"ecologics:walnut_planks":8,"minecraft:cooked_chicken":5,"minecraft:furnace":3,"minecraft:cooked_mutton":12,"minecraft:iron_axe":2,"minecraft:stone_pickaxe":3,"minecraft:chest":1,"minecraft:smoker":1,"minecraft:wheat":18,"minecraft:cooked_porkchop":7,"minecraft:crafting_table":4,"minecraft:spruce_planks":116,"minecraft:wooden_pickaxe":1,"minecraft:bucket":1,"minecraft:stone_axe":3,"minecraft:bread":6,"minecraft:air":0,"minecraft:shield":1,"minecraft:stick":52,"minecraft:iron_ingot":36,"minecraft:wooden_axe":2,"minecraft:white_bed":2,"minecraft:torch":200},"minecraft:picked_up":{"minecraft:wooden_axe":4,"minecraft:seagrass":2,"minecraft:crafting_table":5,"minecraft:charcoal":118,"minecraft:iron_chestplate":1,"minecraft:chicken":7,"minecraft:anvil":1,"minecraft:lead":16,"ecologics:seashell":2,"minecraft:wooden_pickaxe":1,"minecraft:enchanted_book":1,"minecraft:shield":2,"minecraft:amethyst_block":1,"minecraft:string":7,"minecraft:iron_axe":2,"minecraft:wooden_sword":1,"minecraft:iron_leggings":1,"minecraft:white_carpet":9,"ecologics:walnut_sapling":12,"minecraft:sea_pickle":4,"minecraft:cobbled_deepslate":28,"minecraft:spruce_planks":3,"minecraft:beef":6,"ecologics:crab_claw":3,"minecraft:lectern":2,"minecraft:sugar_cane":26,"minecraft:chest":11,"minecraft:birch_sapling":59,"minecraft:furnace":4,"minecraft:iron_boots":1,"minecraft:egg":5,"minecraft:tipped_arrow":1,"minecraft:stick":19,"minecraft:raw_iron":24,"ecologics:walnut_log":17,"ecologics:coconut_slice":33,"minecraft:big_dripleaf":2,"minecraft:torch":41,"ecologics:coconut_seedling":1,"sophisticatedbackpacks:backpack":1,"minecraft:fire_charge":2,"minecraft:snow_block":2,"minecraft:porkchop":54,"tombstone:bone_needle":3,"minecraft:pointed_dripstone":16,"tombstone:grave_dust":9,"minecraft:diorite":2,"minecraft:redstone":4,"minecraft:blue_carpet":5,"minecraft:arrow":51,"minecraft:rotten_flesh":26,"minecraft:hay_block":2,"ecologics:coconut_log":19,"minecraft:saddle":1,"minecraft:gold_ingot":2,"minecraft:obsidian":1,"minecraft:mutton":27,"minecraft:snowball":11,"minecraft:white_wool":8,"minecraft:cobblestone":151,"minecraft:birch_log":11,"ecologics:walnut":16,"minecraft:feather":7,"minecraft:cooked_beef":1,"minecraft:andesite":1,"spartanshields:iron_basic_shield":1,"minecraft:leather":2,"minecraft:brown_wool":2,"minecraft:smoker":1,"minecraft:potato":1,"minecraft:tuff":3,"minecraft:oak_log":11,"minecraft:gunpowder":8,"minecraft:lapis_lazuli":141,"minecraft:dirt":268,"minecraft:lantern":6,"minecraft:cooked_mutton":14,"minecraft:bone":46,"minecraft:apple":3,"minecraft:bow":5,"minecraft:wheat_seeds":6,"minecraft:raw_gold":14,"minecraft:grindstone":1,"minecraft:iron_ingot":4,"minecraft:glass_bottle":3,"minecraft:glowstone_dust":2,"minecraft:oak_planks":6,"minecraft:smooth_basalt":5,"minecraft:milk_bucket":1,"minecraft:cooked_porkchop":11,"minecraft:birch_boat":1,"minecraft:dripstone_block":22,"minecraft:sand":1,"sophisticatedbackpacks:iron_backpack":1,"minecraft:spruce_sapling":19,"minecraft:white_bed":16,"minecraft:spruce_log":29,"minecraft:spider_eye":1,"minecraft:bundle":1,"minecraft:diamond":2,"minecraft:iron_helmet":1,"minecraft:granite":8,"minecraft:golden_apple":1,"minecraft:bread":16,"minecraft:oak_sapling":4,"minecraft:light_gray_carpet":3,"minecraft:black_wool":1,"minecraft:coal":77},"minecraft:broken":{"minecraft:shield":1,"minecraft:iron_axe":1,"minecraft:stone_axe":1,"minecraft:stone_shovel":1},"minecraft:used":{"minecraft:stone_shovel":131,"minecraft:chest":7,"minecraft:spruce_planks":1,"minecraft:shield":44,"minecraft:cooked_chicken":2,"minecraft:torch":202,"minecraft:dirt":80,"minecraft:mutton":7,"minecraft:snowball":5,"minecraft:granite":1,"minecraft:axolotl_bucket":16,"minecraft:obsidian":1,"minecraft:milk_bucket":1,"minecraft:wooden_axe":62,"minecraft:iron_axe":193,"spartanshields:iron_basic_shield":1,"minecraft:bow":15,"minecraft:furnace":6,"tombstone:gift":3,"ecologics:walnut":16,"minecraft:egg":1,"minecraft:beetroot_soup":1,"minecraft:cooked_mutton":17,"minecraft:water_bucket":5,"minecraft:snow_block":2,"minecraft:oak_planks":2,"minecraft:stone_pickaxe":185,"minecraft:birch_boat":1,"minecraft:wooden_pickaxe":13,"minecraft:glow_berries":13,"minecraft:sand":1,"minecraft:crafting_table":7,"minecraft:white_bed":18,"minecraft:smoker":1,"minecraft:bread":27,"minecraft:iron_pickaxe":190,"minecraft:stone_axe":168,"ecologics:coconut_slice":2,"minecraft:wooden_sword":17,"minecraft:cobblestone":120,"minecraft:porkchop":8,"minecraft:cooked_porkchop":17,"minecraft:bucket":23,"minecraft:birch_log":1,"minecraft:sea_pickle":1},"minecraft:killed_by":{"minecraft:creeper":2,"artifacts:mimic":1},"minecraft:killed":{"minecraft:witch":2,"minecraft:spider":16,"minecraft:skeleton":57,"minecraft:bee":4,"minecraft:chicken":7,"ecologics:coconut_crab":2,"minecraft:pig":18,"minecraft:zombie_villager":2,"minecraft:creeper":2,"minecraft:sheep":16,"minecraft:pillager":2,"minecraft:zombie":36,"minecraft:stray":2,"minecraft:cow":3}},"DataVersion":3465}