{"stats":{"minecraft:broken":{"minecraft:stone_axe":1,"minecraft:stone_shovel":1},"minecraft:killed":{"minecraft:spider":8,"minecraft:skeleton":21,"minecraft:bee":4,"minecraft:chicken":7,"ecologics:coconut_crab":2,"minecraft:pig":18,"minecraft:zombie_villager":2,"minecraft:creeper":2,"minecraft:sheep":16,"minecraft:pillager":2,"minecraft:zombie":16,"minecraft:stray":2,"minecraft:cow":1},"minecraft:used":{"minecraft:stone_shovel":131,"minecraft:chest":7,"minecraft:spruce_planks":1,"minecraft:shield":5,"minecraft:cooked_chicken":2,"minecraft:torch":134,"minecraft:dirt":59,"minecraft:mutton":7,"minecraft:snowball":5,"minecraft:granite":1,"minecraft:axolotl_bucket":3,"minecraft:obsidian":1,"minecraft:milk_bucket":1,"minecraft:wooden_axe":62,"minecraft:iron_axe":60,"minecraft:bow":15,"minecraft:furnace":5,"ecologics:walnut":16,"tombstone:gift":3,"minecraft:egg":1,"minecraft:beetroot_soup":1,"minecraft:cooked_mutton":12,"minecraft:snow_block":2,"minecraft:oak_planks":2,"minecraft:stone_pickaxe":185,"minecraft:wooden_pickaxe":13,"minecraft:glow_berries":13,"minecraft:crafting_table":6,"minecraft:white_bed":18,"minecraft:smoker":1,"minecraft:bread":23,"minecraft:iron_pickaxe":103,"minecraft:stone_axe":168,"ecologics:coconut_slice":2,"minecraft:wooden_sword":17,"minecraft:cobblestone":120,"minecraft:porkchop":8,"minecraft:cooked_porkchop":7,"minecraft:bucket":5,"minecraft:birch_log":1,"minecraft:sea_pickle":1},"minecraft:killed_by":{"minecraft:creeper":2},"minecraft:custom":{"minecraft:mob_kills":82,"minecraft:inspect_hopper":1,"minecraft:interact_with_crafting_table":21,"minecraft:open_barrel":6,"minecraft:leave_game":8,"minecraft:time_since_death":62044,"minecraft:climb_one_cm":1541,"minecraft:sprint_one_cm":529003,"minecraft:walk_one_cm":843783,"minecraft:damage_blocked_by_shield":330,"minecraft:drop":62,"minecraft:talked_to_villager":3,"minecraft:play_time":233173,"minecraft:sneak_time":5204,"minecraft:deaths":2,"minecraft:walk_under_water_one_cm":7794,"minecraft:jump":4182,"minecraft:interact_with_blast_furnace":1,"minecraft:walk_on_water_one_cm":20867,"minecraft:total_world_time":233173,"minecraft:interact_with_furnace":19,"tombstone:raider_killed":1,"minecraft:sleep_in_bed":13,"minecraft:time_since_rest":0,"minecraft:damage_taken":3183,"minecraft:damage_dealt":9008,"minecraft:swim_one_cm":699,"minecraft:fly_one_cm":676820,"minecraft:open_chest":51,"minecraft:crouch_one_cm":15728,"tombstone:undead_killed":13,"minecraft:interact_with_smoker":5,"minecraft:fall_one_cm":87867,"minecraft:horse_one_cm":1077983},"minecraft:dropped":{"minecraft:water_bucket":1,"minecraft:enchanted_book":1,"minecraft:moss_block":2,"minecraft:wheat_seeds":2,"minecraft:cobblestone":6,"ecologics:walnut_sapling":7,"minecraft:amethyst_block":1,"minecraft:leather":4,"minecraft:coal":1,"minecraft:stick":2,"minecraft:dirt":159,"minecraft:diorite":2,"minecraft:wooden_axe":4,"minecraft:brown_wool":1,"tombstone:bone_needle":3,"tombstone:scroll_of_lightning_resistance":1,"minecraft:paper":3,"minecraft:string":1,"minecraft:blue_carpet":5,"minecraft:white_wool":2,"minecraft:spruce_sapling":4,"minecraft:smooth_basalt":5,"minecraft:bone":9,"minecraft:snow_block":2,"minecraft:cooked_chicken":3,"minecraft:cobbled_deepslate":11,"minecraft:white_carpet":9,"minecraft:light_gray_carpet":3,"minecraft:cooked_mutton":1,"minecraft:poppy":2,"minecraft:andesite":1,"minecraft:chest":5,"minecraft:wooden_pickaxe":1,"minecraft:black_wool":1},"minecraft:crafted":{"minecraft:oak_planks":20,"minecraft:stone_shovel":1,"minecraft:cooked_chicken":5,"ecologics:walnut_planks":8,"minecraft:furnace":2,"minecraft:cooked_mutton":12,"minecraft:iron_axe":1,"minecraft:stone_pickaxe":3,"minecraft:chest":1,"minecraft:smoker":1,"minecraft:wheat":18,"minecraft:cooked_porkchop":7,"minecraft:crafting_table":3,"minecraft:spruce_planks":116,"minecraft:wooden_pickaxe":1,"minecraft:bucket":1,"minecraft:stone_axe":3,"minecraft:bread":6,"minecraft:air":0,"minecraft:shield":1,"minecraft:stick":44,"minecraft:iron_ingot":36,"minecraft:wooden_axe":2,"minecraft:white_bed":2,"minecraft:torch":176},"minecraft:picked_up":{"minecraft:wooden_axe":4,"minecraft:crafting_table":5,"minecraft:charcoal":58,"minecraft:iron_chestplate":1,"minecraft:chicken":7,"minecraft:lead":16,"ecologics:seashell":2,"minecraft:wooden_pickaxe":1,"minecraft:enchanted_book":1,"minecraft:shield":2,"minecraft:amethyst_block":1,"minecraft:string":5,"minecraft:wooden_sword":1,"minecraft:iron_leggings":1,"minecraft:white_carpet":9,"ecologics:walnut_sapling":12,"minecraft:sea_pickle":4,"minecraft:cobbled_deepslate":23,"minecraft:spruce_planks":3,"minecraft:beef":4,"minecraft:lectern":2,"minecraft:sugar_cane":26,"minecraft:chest":11,"minecraft:birch_sapling":58,"minecraft:furnace":4,"minecraft:iron_boots":1,"minecraft:egg":5,"minecraft:tipped_arrow":1,"minecraft:stick":19,"minecraft:raw_iron":14,"ecologics:walnut_log":17,"ecologics:coconut_slice":8,"minecraft:big_dripleaf":2,"minecraft:torch":8,"ecologics:coconut_seedling":1,"sophisticatedbackpacks:backpack":1,"minecraft:fire_charge":2,"minecraft:snow_block":2,"minecraft:porkchop":54,"tombstone:bone_needle":3,"minecraft:pointed_dripstone":16,"tombstone:grave_dust":1,"minecraft:diorite":2,"minecraft:blue_carpet":5,"minecraft:arrow":14,"minecraft:rotten_flesh":18,"minecraft:hay_block":2,"ecologics:coconut_log":19,"minecraft:saddle":1,"minecraft:gold_ingot":2,"minecraft:obsidian":1,"minecraft:mutton":23,"minecraft:snowball":11,"minecraft:white_wool":8,"minecraft:cobblestone":135,"minecraft:birch_log":11,"ecologics:walnut":16,"minecraft:feather":7,"minecraft:cooked_beef":1,"minecraft:andesite":1,"minecraft:brown_wool":1,"minecraft:smoker":1,"minecraft:tuff":3,"minecraft:oak_log":11,"minecraft:gunpowder":4,"minecraft:lapis_lazuli":122,"minecraft:dirt":247,"minecraft:lantern":2,"minecraft:cooked_mutton":14,"minecraft:bone":16,"minecraft:apple":3,"minecraft:bow":1,"minecraft:wheat_seeds":5,"minecraft:raw_gold":5,"minecraft:iron_ingot":3,"minecraft:glowstone_dust":2,"minecraft:smooth_basalt":5,"minecraft:milk_bucket":1,"minecraft:cooked_porkchop":2,"minecraft:dripstone_block":22,"minecraft:spruce_sapling":19,"minecraft:white_bed":16,"minecraft:spruce_log":29,"minecraft:bundle":1,"minecraft:diamond":2,"minecraft:iron_helmet":1,"minecraft:granite":1,"minecraft:golden_apple":1,"minecraft:bread":16,"minecraft:oak_sapling":4,"minecraft:light_gray_carpet":3,"minecraft:black_wool":1,"minecraft:coal":44},"minecraft:mined":{"minecraft:blue_carpet":6,"minecraft:tuff":3,"minecraft:spruce_planks":1,"minecraft:white_bed":15,"minecraft:deepslate_diamond_ore":2,"minecraft:grass_block":64,"ecologics:coconut_log":13,"minecraft:spruce_leaves":68,"minecraft:large_fern":8,"minecraft:hay_block":2,"minecraft:furnace":2,"minecraft:iron_ore":11,"minecraft:snow":7,"minecraft:andesite":4,"minecraft:stripped_spruce_log":3,"minecraft:deepslate_lapis_ore":10,"minecraft:bookshelf":1,"minecraft:pointed_dripstone":4,"minecraft:deepslate_iron_ore":3,"minecraft:vine":1,"minecraft:lantern":1,"ecologics:walnut_log":17,"minecraft:stone":102,"minecraft:light_gray_carpet":3,"minecraft:smoker":1,"minecraft:crafting_table":5,"minecraft:torch":6,"minecraft:chest":10,"minecraft:campfire":16,"minecraft:lectern":1,"minecraft:cobblestone":18,"minecraft:deepslate_gold_ore":4,"minecraft:lapis_ore":7,"minecraft:sugar_cane":2,"minecraft:sculk":84,"minecraft:diorite":2,"minecraft:wall_torch":1,"ecologics:seashell":2,"minecraft:sea_pickle":2,"minecraft:birch_log":13,"minecraft:ice":44,"minecraft:white_carpet":9,"minecraft:spruce_log":23,"minecraft:grass":15,"minecraft:coal_ore":29,"ecologics:hanging_coconut":1,"minecraft:dirt":102,"minecraft:dripstone_block":17,"minecraft:sand":3,"minecraft:smooth_basalt":1,"minecraft:oak_leaves":12,"minecraft:deepslate":15,"minecraft:fern":2}},"DataVersion":3465}