{"stats":{"minecraft:killed_by":{"minecraft:creeper":1},"minecraft:used":{"minecraft:cooked_mutton":1,"minecraft:stone_pickaxe":158,"minecraft:stone_shovel":131,"minecraft:chest":1,"minecraft:wooden_pickaxe":13,"minecraft:spruce_planks":1,"minecraft:shield":2,"minecraft:cooked_chicken":2,"minecraft:torch":80,"minecraft:glow_berries":13,"minecraft:dirt":58,"minecraft:mutton":7,"minecraft:crafting_table":4,"minecraft:white_bed":10,"minecraft:snowball":5,"minecraft:wooden_axe":48,"minecraft:stone_axe":75,"minecraft:wooden_sword":17,"minecraft:cobblestone":20,"minecraft:porkchop":8,"minecraft:furnace":3,"minecraft:cooked_porkchop":7,"minecraft:sea_pickle":1,"minecraft:egg":1},"minecraft:broken":{"minecraft:stone_shovel":1},"minecraft:custom":{"minecraft:interact_with_furnace":9,"minecraft:mob_kills":36,"minecraft:interact_with_crafting_table":12,"minecraft:leave_game":2,"minecraft:time_since_death":24350,"minecraft:sleep_in_bed":4,"minecraft:climb_one_cm":752,"minecraft:time_since_rest":24397,"minecraft:sprint_one_cm":234295,"minecraft:damage_taken":1276,"minecraft:walk_one_cm":335875,"minecraft:damage_blocked_by_shield":120,"minecraft:drop":27,"minecraft:damage_dealt":3883,"minecraft:swim_one_cm":699,"minecraft:fly_one_cm":266284,"minecraft:open_chest":20,"minecraft:deaths":1,"minecraft:crouch_one_cm":9061,"minecraft:play_time":85269,"minecraft:sneak_time":3101,"minecraft:walk_under_water_one_cm":6926,"minecraft:jump":1708,"minecraft:walk_on_water_one_cm":7200,"minecraft:interact_with_smoker":4,"minecraft:total_world_time":85269,"minecraft:fall_one_cm":38452},"minecraft:killed":{"minecraft:pig":9,"minecraft:creeper":2,"minecraft:skeleton":5,"minecraft:sheep":9,"minecraft:zombie":4,"minecraft:chicken":7},"minecraft:crafted":{"minecraft:stone_shovel":1,"minecraft:cooked_porkchop":7,"minecraft:crafting_table":2,"minecraft:spruce_planks":112,"minecraft:wooden_pickaxe":1,"minecraft:cooked_chicken":5,"minecraft:furnace":1,"minecraft:stone_axe":2,"minecraft:cooked_mutton":2,"minecraft:air":0,"minecraft:stick":28,"minecraft:stone_pickaxe":2,"minecraft:wooden_axe":1,"minecraft:white_bed":2,"minecraft:torch":112},"minecraft:dropped":{"minecraft:moss_block":2,"minecraft:wheat_seeds":2,"minecraft:cooked_chicken":3,"minecraft:cobbled_deepslate":8,"minecraft:leather":4,"minecraft:cooked_mutton":1,"minecraft:coal":1,"minecraft:poppy":2,"minecraft:dirt":144,"minecraft:diorite":2,"minecraft:andesite":1,"minecraft:wooden_axe":2,"minecraft:brown_wool":1,"minecraft:wooden_pickaxe":1,"minecraft:paper":3,"minecraft:blue_carpet":5,"minecraft:white_wool":1,"minecraft:black_wool":1,"minecraft:smooth_basalt":5,"minecraft:spruce_sapling":4},"minecraft:mined":{"minecraft:blue_carpet":6,"minecraft:spruce_planks":1,"minecraft:white_bed":9,"minecraft:smoker":1,"minecraft:crafting_table":3,"minecraft:torch":2,"minecraft:grass_block":59,"minecraft:chest":6,"minecraft:campfire":16,"minecraft:lectern":1,"minecraft:cobblestone":10,"minecraft:spruce_leaves":57,"minecraft:lapis_ore":6,"minecraft:diorite":2,"minecraft:sugar_cane":2,"minecraft:wall_torch":1,"minecraft:large_fern":6,"minecraft:furnace":2,"minecraft:sea_pickle":2,"minecraft:iron_ore":8,"minecraft:snow":7,"minecraft:ice":44,"minecraft:andesite":1,"minecraft:spruce_log":22,"minecraft:deepslate_lapis_ore":10,"minecraft:deepslate_iron_ore":3,"minecraft:bookshelf":1,"minecraft:pointed_dripstone":4,"minecraft:coal_ore":23,"minecraft:vine":1,"minecraft:lantern":1,"minecraft:dripstone_block":17,"minecraft:dirt":96,"minecraft:smooth_basalt":1,"minecraft:stone":70,"minecraft:deepslate":3,"minecraft:oak_leaves":1,"minecraft:fern":2},"minecraft:picked_up":{"minecraft:wooden_axe":3,"minecraft:iron_chestplate":1,"minecraft:charcoal":58,"minecraft:crafting_table":3,"minecraft:feather":7,"minecraft:chicken":7,"minecraft:andesite":1,"minecraft:brown_wool":1,"minecraft:wooden_pickaxe":1,"minecraft:smoker":1,"minecraft:shield":1,"minecraft:gunpowder":4,"minecraft:amethyst_block":1,"minecraft:lapis_lazuli":113,"minecraft:dirt":202,"minecraft:lantern":1,"minecraft:wooden_sword":1,"minecraft:iron_leggings":1,"minecraft:bone":5,"minecraft:sea_pickle":4,"minecraft:bow":1,"minecraft:wheat_seeds":2,"minecraft:cobbled_deepslate":11,"minecraft:spruce_planks":3,"minecraft:lectern":1,"minecraft:sugar_cane":10,"minecraft:chest":6,"minecraft:iron_boots":1,"minecraft:egg":5,"minecraft:furnace":2,"minecraft:raw_iron":11,"minecraft:stick":8,"minecraft:smooth_basalt":5,"minecraft:cooked_porkchop":2,"minecraft:torch":3,"minecraft:dripstone_block":22,"minecraft:porkchop":18,"minecraft:diorite":2,"minecraft:spruce_sapling":17,"minecraft:pointed_dripstone":5,"minecraft:white_bed":9,"minecraft:spruce_log":28,"minecraft:blue_carpet":5,"minecraft:arrow":3,"minecraft:rotten_flesh":7,"minecraft:iron_helmet":1,"minecraft:black_wool":1,"minecraft:mutton":12,"minecraft:coal":38,"minecraft:snowball":11,"minecraft:white_wool":7,"minecraft:cobblestone":94}},"DataVersion":3465}