{"stats":{"minecraft:used":{"minecraft:cooked_mutton":1,"minecraft:stone_pickaxe":89,"minecraft:stone_shovel":131,"minecraft:spruce_planks":1,"minecraft:cooked_chicken":2,"minecraft:glow_berries":13,"minecraft:dirt":58,"minecraft:mutton":7,"minecraft:crafting_table":2,"minecraft:white_bed":10,"minecraft:snowball":3,"minecraft:wooden_axe":15,"minecraft:stone_axe":53,"minecraft:wooden_sword":17,"minecraft:furnace":3,"minecraft:cooked_porkchop":1},"minecraft:broken":{"minecraft:stone_shovel":1},"minecraft:custom":{"minecraft:interact_with_furnace":7,"minecraft:mob_kills":21,"minecraft:interact_with_crafting_table":7,"minecraft:leave_game":2,"minecraft:time_since_death":49269,"minecraft:sleep_in_bed":4,"minecraft:climb_one_cm":752,"minecraft:time_since_rest":5865,"minecraft:sprint_one_cm":116660,"minecraft:damage_taken":276,"minecraft:walk_one_cm":157204,"minecraft:drop":5,"minecraft:damage_dealt":1500,"minecraft:swim_one_cm":699,"minecraft:fly_one_cm":185422,"minecraft:open_chest":7,"minecraft:crouch_one_cm":5385,"minecraft:play_time":49269,"minecraft:sneak_time":1992,"minecraft:walk_under_water_one_cm":6477,"minecraft:jump":956,"minecraft:walk_on_water_one_cm":5544,"minecraft:interact_with_smoker":4,"minecraft:total_world_time":49269,"minecraft:fall_one_cm":15865},"minecraft:killed":{"minecraft:pig":5,"minecraft:sheep":9,"minecraft:chicken":7},"minecraft:dropped":{"minecraft:cooked_chicken":3,"minecraft:cooked_mutton":1,"minecraft:dirt":142},"minecraft:crafted":{"minecraft:stone_shovel":1,"minecraft:cooked_porkchop":4,"minecraft:crafting_table":1,"minecraft:spruce_planks":72,"minecraft:cooked_chicken":5,"minecraft:furnace":1,"minecraft:stone_axe":1,"minecraft:cooked_mutton":2,"minecraft:air":0,"minecraft:stick":16,"minecraft:stone_pickaxe":1,"minecraft:white_bed":2},"minecraft:mined":{"minecraft:blue_carpet":6,"minecraft:spruce_planks":1,"minecraft:white_bed":9,"minecraft:crafting_table":2,"minecraft:grass_block":59,"minecraft:chest":3,"minecraft:campfire":16,"minecraft:lectern":1,"minecraft:spruce_leaves":47,"minecraft:sugar_cane":2,"minecraft:large_fern":2,"minecraft:furnace":2,"minecraft:sea_pickle":1,"minecraft:snow":7,"minecraft:ice":44,"minecraft:spruce_log":12,"minecraft:bookshelf":1,"minecraft:coal_ore":14,"minecraft:vine":1,"minecraft:lantern":1,"minecraft:dirt":96,"minecraft:smooth_basalt":1,"minecraft:stone":62,"minecraft:oak_leaves":1,"minecraft:fern":2},"minecraft:picked_up":{"minecraft:wooden_axe":2,"minecraft:charcoal":30,"minecraft:crafting_table":1,"minecraft:feather":7,"minecraft:chicken":7,"minecraft:brown_wool":1,"minecraft:wooden_pickaxe":1,"minecraft:dirt":201,"minecraft:lantern":1,"minecraft:wooden_sword":1,"minecraft:sea_pickle":3,"minecraft:wheat_seeds":2,"minecraft:spruce_planks":3,"minecraft:lectern":1,"minecraft:sugar_cane":6,"minecraft:chest":3,"minecraft:egg":4,"minecraft:furnace":2,"minecraft:stick":8,"minecraft:smooth_basalt":1,"minecraft:porkchop":10,"minecraft:spruce_sapling":4,"minecraft:white_bed":9,"minecraft:spruce_log":18,"minecraft:blue_carpet":5,"minecraft:black_wool":1,"minecraft:mutton":12,"minecraft:coal":29,"minecraft:snowball":11,"minecraft:white_wool":7,"minecraft:cobblestone":76}},"DataVersion":3465}