{"stats":{"minecraft:killed_by":{"minecraft:creeper":1},"minecraft:used":{"minecraft:cooked_mutton":1,"minecraft:stone_pickaxe":122,"minecraft:stone_shovel":131,"minecraft:wooden_pickaxe":9,"minecraft:spruce_planks":1,"minecraft:shield":2,"minecraft:cooked_chicken":2,"minecraft:torch":64,"minecraft:glow_berries":13,"minecraft:dirt":58,"minecraft:mutton":7,"minecraft:crafting_table":4,"minecraft:white_bed":10,"minecraft:snowball":5,"minecraft:wooden_axe":43,"minecraft:stone_axe":72,"minecraft:wooden_sword":17,"minecraft:porkchop":4,"minecraft:furnace":3,"minecraft:cooked_porkchop":5,"minecraft:sea_pickle":1,"minecraft:egg":1},"minecraft:broken":{"minecraft:stone_shovel":1},"minecraft:custom":{"minecraft:interact_with_furnace":8,"minecraft:mob_kills":35,"minecraft:interact_with_crafting_table":10,"minecraft:leave_game":2,"minecraft:time_since_death":12350,"minecraft:sleep_in_bed":4,"minecraft:climb_one_cm":752,"minecraft:time_since_rest":12397,"minecraft:sprint_one_cm":205171,"minecraft:damage_taken":1116,"minecraft:walk_one_cm":293069,"minecraft:damage_blocked_by_shield":120,"minecraft:drop":21,"minecraft:damage_dealt":3683,"minecraft:swim_one_cm":699,"minecraft:fly_one_cm":240055,"minecraft:open_chest":7,"minecraft:deaths":1,"minecraft:crouch_one_cm":8619,"minecraft:play_time":73269,"minecraft:sneak_time":2820,"minecraft:walk_under_water_one_cm":6926,"minecraft:jump":1412,"minecraft:walk_on_water_one_cm":6694,"minecraft:interact_with_smoker":4,"minecraft:total_world_time":73269,"minecraft:fall_one_cm":27905},"minecraft:killed":{"minecraft:pig":9,"minecraft:creeper":2,"minecraft:skeleton":5,"minecraft:sheep":9,"minecraft:zombie":3,"minecraft:chicken":7},"minecraft:crafted":{"minecraft:stone_shovel":1,"minecraft:cooked_porkchop":7,"minecraft:crafting_table":2,"minecraft:spruce_planks":112,"minecraft:wooden_pickaxe":1,"minecraft:cooked_chicken":5,"minecraft:furnace":1,"minecraft:stone_axe":1,"minecraft:cooked_mutton":2,"minecraft:air":0,"minecraft:stick":24,"minecraft:stone_pickaxe":1,"minecraft:wooden_axe":1,"minecraft:white_bed":2,"minecraft:torch":88},"minecraft:dropped":{"minecraft:moss_block":2,"minecraft:wheat_seeds":2,"minecraft:cooked_chicken":3,"minecraft:leather":2,"minecraft:cooked_mutton":1,"minecraft:coal":1,"minecraft:poppy":2,"minecraft:dirt":144,"minecraft:wooden_axe":1,"minecraft:brown_wool":1,"minecraft:wooden_pickaxe":1,"minecraft:paper":3,"minecraft:blue_carpet":5,"minecraft:white_wool":1,"minecraft:black_wool":1,"minecraft:smooth_basalt":1,"minecraft:spruce_sapling":4},"minecraft:mined":{"minecraft:blue_carpet":6,"minecraft:spruce_planks":1,"minecraft:white_bed":9,"minecraft:smoker":1,"minecraft:crafting_table":3,"minecraft:torch":1,"minecraft:grass_block":59,"minecraft:chest":3,"minecraft:campfire":16,"minecraft:lectern":1,"minecraft:spruce_leaves":57,"minecraft:lapis_ore":6,"minecraft:diorite":2,"minecraft:sugar_cane":2,"minecraft:wall_torch":1,"minecraft:large_fern":6,"minecraft:furnace":2,"minecraft:sea_pickle":2,"minecraft:iron_ore":8,"minecraft:snow":7,"minecraft:ice":44,"minecraft:andesite":1,"minecraft:spruce_log":22,"minecraft:deepslate_lapis_ore":2,"minecraft:bookshelf":1,"minecraft:pointed_dripstone":4,"minecraft:coal_ore":19,"minecraft:vine":1,"minecraft:lantern":1,"minecraft:dripstone_block":5,"minecraft:dirt":96,"minecraft:smooth_basalt":1,"minecraft:stone":70,"minecraft:oak_leaves":1,"minecraft:fern":2},"minecraft:picked_up":{"minecraft:wooden_axe":2,"minecraft:charcoal":58,"minecraft:crafting_table":3,"minecraft:feather":7,"minecraft:chicken":7,"minecraft:andesite":1,"minecraft:brown_wool":1,"minecraft:wooden_pickaxe":1,"minecraft:smoker":1,"minecraft:shield":1,"minecraft:gunpowder":4,"minecraft:lapis_lazuli":57,"minecraft:dirt":202,"minecraft:lantern":1,"minecraft:wooden_sword":1,"minecraft:bone":5,"minecraft:sea_pickle":4,"minecraft:bow":1,"minecraft:wheat_seeds":2,"minecraft:spruce_planks":3,"minecraft:lectern":1,"minecraft:sugar_cane":10,"minecraft:chest":3,"minecraft:egg":5,"minecraft:furnace":2,"minecraft:raw_iron":8,"minecraft:stick":8,"minecraft:smooth_basalt":1,"minecraft:torch":2,"minecraft:dripstone_block":10,"minecraft:porkchop":18,"minecraft:diorite":2,"minecraft:spruce_sapling":6,"minecraft:pointed_dripstone":5,"minecraft:white_bed":9,"minecraft:spruce_log":28,"minecraft:blue_carpet":5,"minecraft:arrow":3,"minecraft:rotten_flesh":3,"minecraft:black_wool":1,"minecraft:mutton":12,"minecraft:coal":35,"minecraft:snowball":11,"minecraft:white_wool":7,"minecraft:cobblestone":84}},"DataVersion":3465}