{"stats":{"minecraft:used":{"minecraft:cooked_mutton":1,"minecraft:wooden_axe":39,"minecraft:stone_shovel":59,"minecraft:stone_pickaxe":22,"minecraft:wooden_pickaxe":19,"minecraft:cooked_chicken":3,"minecraft:wooden_sword":3,"minecraft:dirt":73,"minecraft:crafting_table":2,"minecraft:snowball":12},"minecraft:custom":{"minecraft:time_since_rest":6648,"minecraft:sprint_one_cm":77535,"minecraft:damage_taken":135,"minecraft:walk_one_cm":40200,"minecraft:mob_kills":4,"minecraft:drop":20,"minecraft:damage_dealt":446,"minecraft:interact_with_crafting_table":10,"minecraft:fly_one_cm":81435,"minecraft:crouch_one_cm":2354,"minecraft:play_time":19659,"minecraft:sneak_time":1706,"minecraft:jump":374,"minecraft:leave_game":2,"minecraft:walk_on_water_one_cm":210,"minecraft:time_since_death":19659,"minecraft:sleep_in_bed":1,"minecraft:total_world_time":19659,"minecraft:fall_one_cm":5970},"minecraft:killed":{"minecraft:sheep":3,"minecraft:pig":1},"minecraft:dropped":{"minecraft:wooden_axe":1,"minecraft:cobblestone":11,"minecraft:wooden_sword":1,"minecraft:spruce_log":7},"minecraft:crafted":{"minecraft:wooden_sword":2,"minecraft:stone_shovel":1,"minecraft:crafting_table":1,"minecraft:spruce_planks":88,"minecraft:stick":8,"minecraft:wooden_pickaxe":1,"minecraft:stone_pickaxe":1,"minecraft:wooden_axe":2,"minecraft:stone_axe":1},"minecraft:picked_up":{"minecraft:stick":7,"minecraft:crafting_table":2,"minecraft:porkchop":3,"minecraft:spruce_sapling":6,"minecraft:white_bed":1,"minecraft:spruce_log":29,"minecraft:dirt":75,"minecraft:cooked_mutton":1,"minecraft:cooked_chicken":3,"minecraft:sugar_cane":12,"minecraft:mutton":5,"minecraft:snowball":15,"minecraft:white_wool":3,"minecraft:cobblestone":37},"minecraft:mined":{"minecraft:large_fern":15,"minecraft:white_bed":1,"minecraft:snow":3,"minecraft:ice":3,"minecraft:spruce_log":29,"minecraft:crafting_table":1,"minecraft:grass":1,"minecraft:grass_block":33,"minecraft:dirt":30,"minecraft:stone":38,"minecraft:sugar_cane":3,"minecraft:fern":3,"minecraft:suspicious_gravel":1}},"DataVersion":3465}