{"stats":{"minecraft:used":{"minecraft:cooked_mutton":1,"minecraft:stone_shovel":96,"minecraft:stone_pickaxe":83,"minecraft:chest":2,"minecraft:shield":8,"minecraft:spruce_planks":2,"minecraft:wooden_pickaxe":19,"minecraft:cooked_chicken":3,"minecraft:glow_berries":3,"minecraft:dirt":153,"minecraft:crafting_table":4,"minecraft:white_bed":2,"minecraft:snowball":48,"minecraft:smoker":1,"minecraft:wooden_axe":39,"minecraft:iron_pickaxe":14,"minecraft:stone_axe":33,"minecraft:wooden_sword":11,"minecraft:furnace":1,"minecraft:cooked_porkchop":4},"minecraft:custom":{"minecraft:interact_with_furnace":6,"minecraft:mob_kills":6,"minecraft:interact_with_crafting_table":18,"minecraft:leave_game":2,"minecraft:time_since_death":43659,"minecraft:sleep_in_bed":2,"minecraft:climb_one_cm":546,"minecraft:time_since_rest":17865,"minecraft:sprint_one_cm":136465,"minecraft:damage_taken":480,"minecraft:walk_one_cm":104315,"minecraft:damage_blocked_by_shield":330,"minecraft:drop":29,"minecraft:damage_dealt":1008,"minecraft:fly_one_cm":159744,"minecraft:open_chest":7,"minecraft:crouch_one_cm":9505,"minecraft:play_time":43659,"minecraft:sneak_time":4737,"minecraft:walk_under_water_one_cm":380,"minecraft:jump":834,"minecraft:walk_on_water_one_cm":2033,"minecraft:interact_with_smoker":4,"minecraft:total_world_time":43659,"minecraft:fall_one_cm":19288},"minecraft:killed":{"minecraft:pig":2,"minecraft:sheep":3,"ecologics:penguin":1},"minecraft:dropped":{"minecraft:wheat_seeds":1,"minecraft:pointed_dripstone":1,"minecraft:cobblestone":11,"minecraft:spruce_fence":1,"minecraft:shield":1,"minecraft:wooden_axe":2,"minecraft:wooden_sword":1,"minecraft:spruce_log":7,"minecraft:wooden_pickaxe":1,"minecraft:paper":3,"minecraft:lily_pad":1,"minecraft:black_wool":1},"minecraft:crafted":{"minecraft:wooden_sword":2,"minecraft:stone_shovel":1,"minecraft:cooked_porkchop":7,"minecraft:crafting_table":2,"minecraft:spruce_planks":88,"minecraft:wooden_pickaxe":1,"minecraft:furnace":1,"minecraft:stone_axe":1,"minecraft:air":0,"minecraft:shield":2,"minecraft:stick":8,"minecraft:iron_ingot":9,"minecraft:iron_pickaxe":1,"minecraft:stone_pickaxe":1,"minecraft:wooden_axe":2,"minecraft:smoker":1},"minecraft:picked_up":{"minecraft:crafting_table":4,"minecraft:anvil":1,"minecraft:leather":2,"minecraft:lily_pad":1,"minecraft:gunpowder":4,"minecraft:string":8,"minecraft:dirt":179,"minecraft:paper":3,"minecraft:cooked_mutton":1,"minecraft:sea_pickle":3,"minecraft:wheat_seeds":1,"minecraft:cobbled_deepslate":5,"minecraft:cooked_chicken":3,"minecraft:sugar_cane":12,"minecraft:chest":2,"minecraft:furnace":2,"minecraft:book":15,"minecraft:stick":14,"minecraft:raw_iron":38,"minecraft:smooth_basalt":3,"minecraft:cooked_porkchop":2,"minecraft:spruce_fence":1,"minecraft:porkchop":4,"minecraft:spruce_sapling":11,"minecraft:pointed_dripstone":1,"minecraft:diorite":1,"minecraft:white_bed":3,"minecraft:spruce_log":35,"minecraft:diamond":3,"minecraft:stone_axe":1,"minecraft:black_wool":1,"minecraft:rail":1,"minecraft:glow_berries":3,"minecraft:mutton":5,"minecraft:coal":18,"minecraft:snowball":54,"minecraft:white_wool":3,"minecraft:cobblestone":59},"minecraft:mined":{"minecraft:diamond_ore":3,"minecraft:white_bed":3,"minecraft:crafting_table":3,"minecraft:cave_vines_plant":4,"minecraft:grass_block":33,"minecraft:spruce_fence":1,"minecraft:chest":3,"minecraft:spruce_leaves":4,"minecraft:sugar_cane":3,"minecraft:diorite":1,"minecraft:large_fern":15,"minecraft:furnace":2,"minecraft:iron_ore":30,"minecraft:snow":40,"minecraft:ice":3,"minecraft:spruce_log":35,"minecraft:anvil":1,"minecraft:grass":10,"minecraft:pointed_dripstone":2,"minecraft:bookshelf":4,"minecraft:coal_ore":10,"minecraft:cave_vines":3,"minecraft:vine":4,"minecraft:rail":1,"minecraft:dirt":34,"minecraft:cobweb":8,"minecraft:smooth_basalt":2,"minecraft:stone":59,"minecraft:fern":3,"minecraft:suspicious_gravel":1}},"DataVersion":3465}