{"stats":{"minecraft:used":{"minecraft:cooked_mutton":1,"minecraft:stone_shovel":96,"minecraft:stone_pickaxe":44,"minecraft:spruce_planks":2,"minecraft:wooden_pickaxe":19,"minecraft:cooked_chicken":3,"minecraft:glow_berries":3,"minecraft:dirt":137,"minecraft:crafting_table":3,"minecraft:white_bed":2,"minecraft:snowball":43,"minecraft:smoker":1,"minecraft:wooden_axe":39,"minecraft:stone_axe":22,"minecraft:wooden_sword":3,"minecraft:cooked_porkchop":1},"minecraft:custom":{"minecraft:mob_kills":5,"minecraft:interact_with_crafting_table":14,"minecraft:leave_game":2,"minecraft:time_since_death":31659,"minecraft:sleep_in_bed":2,"minecraft:climb_one_cm":546,"minecraft:time_since_rest":5865,"minecraft:sprint_one_cm":101953,"minecraft:damage_taken":155,"minecraft:walk_one_cm":65816,"minecraft:drop":24,"minecraft:damage_dealt":602,"minecraft:fly_one_cm":138551,"minecraft:open_chest":6,"minecraft:crouch_one_cm":8084,"minecraft:play_time":31659,"minecraft:sneak_time":4411,"minecraft:walk_under_water_one_cm":380,"minecraft:jump":660,"minecraft:walk_on_water_one_cm":1967,"minecraft:interact_with_smoker":4,"minecraft:total_world_time":31659,"minecraft:fall_one_cm":12153},"minecraft:killed":{"minecraft:pig":2,"minecraft:sheep":3},"minecraft:dropped":{"minecraft:wheat_seeds":1,"minecraft:cobblestone":11,"minecraft:wooden_axe":2,"minecraft:wooden_sword":1,"minecraft:spruce_log":7,"minecraft:wooden_pickaxe":1,"minecraft:lily_pad":1},"minecraft:crafted":{"minecraft:wooden_sword":2,"minecraft:stone_shovel":1,"minecraft:cooked_porkchop":7,"minecraft:crafting_table":1,"minecraft:spruce_planks":88,"minecraft:wooden_pickaxe":1,"minecraft:stone_axe":1,"minecraft:air":0,"minecraft:stick":8,"minecraft:stone_pickaxe":1,"minecraft:wooden_axe":2,"minecraft:smoker":1},"minecraft:mined":{"minecraft:white_bed":3,"minecraft:crafting_table":1,"minecraft:cave_vines_plant":4,"minecraft:grass_block":33,"minecraft:spruce_fence":1,"minecraft:chest":3,"minecraft:spruce_leaves":4,"minecraft:sugar_cane":3,"minecraft:large_fern":15,"minecraft:furnace":1,"minecraft:snow":40,"minecraft:ice":3,"minecraft:spruce_log":35,"minecraft:anvil":1,"minecraft:grass":10,"minecraft:bookshelf":4,"minecraft:coal_ore":4,"minecraft:cave_vines":3,"minecraft:vine":4,"minecraft:dirt":32,"minecraft:smooth_basalt":2,"minecraft:stone":50,"minecraft:fern":3,"minecraft:suspicious_gravel":1},"minecraft:picked_up":{"minecraft:crafting_table":2,"minecraft:anvil":1,"minecraft:lily_pad":1,"minecraft:dirt":177,"minecraft:cooked_mutton":1,"minecraft:wheat_seeds":1,"minecraft:cooked_chicken":3,"minecraft:sugar_cane":12,"minecraft:chest":2,"minecraft:furnace":1,"minecraft:book":15,"minecraft:stick":14,"minecraft:smooth_basalt":2,"minecraft:spruce_fence":1,"minecraft:porkchop":4,"minecraft:spruce_sapling":11,"minecraft:white_bed":3,"minecraft:spruce_log":35,"minecraft:glow_berries":3,"minecraft:mutton":5,"minecraft:coal":4,"minecraft:snowball":48,"minecraft:white_wool":3,"minecraft:cobblestone":47}},"DataVersion":3465}