{"stats":{"minecraft:broken":{"minecraft:iron_axe":1},"minecraft:killed":{"minecraft:witch":2,"minecraft:spider":3,"minecraft:skeleton":7,"minecraft:pig":3,"minecraft:sheep":5,"minecraft:pillager":2,"minecraft:zombie":14,"ecologics:penguin":1,"minecraft:cow":6},"minecraft:used":{"minecraft:stone_shovel":96,"minecraft:chest":2,"minecraft:spruce_planks":2,"minecraft:shield":28,"minecraft:cooked_chicken":3,"minecraft:iron_chestplate":1,"minecraft:torch":26,"minecraft:dirt":181,"minecraft:snowball":54,"minecraft:stripped_spruce_log":3,"minecraft:wooden_axe":39,"minecraft:iron_axe":415,"minecraft:iron_boots":1,"minecraft:oak_sapling":7,"minecraft:furnace":5,"tombstone:gift":4,"minecraft:iron_leggings":1,"minecraft:cooked_mutton":7,"minecraft:water_bucket":3,"minecraft:stone_pickaxe":83,"minecraft:wooden_pickaxe":19,"minecraft:glow_berries":3,"minecraft:crafting_table":13,"minecraft:white_bed":9,"minecraft:dripstone_block":4,"minecraft:smoker":1,"minecraft:bread":38,"minecraft:iron_pickaxe":108,"minecraft:spruce_trapdoor":2,"minecraft:stone_axe":49,"minecraft:wooden_sword":11,"minecraft:cobblestone":46,"minecraft:cooked_porkchop":8,"minecraft:bucket":4},"minecraft:custom":{"minecraft:interact_with_smithing_table":1,"minecraft:mob_kills":32,"minecraft:interact_with_crafting_table":41,"minecraft:open_barrel":3,"minecraft:leave_game":5,"minecraft:time_since_death":30068,"minecraft:climb_one_cm":546,"minecraft:sprint_one_cm":450070,"minecraft:walk_one_cm":318433,"minecraft:damage_blocked_by_shield":1860,"minecraft:drop":85,"minecraft:talked_to_villager":3,"minecraft:play_time":138500,"minecraft:sneak_time":6477,"minecraft:deaths":1,"minecraft:walk_under_water_one_cm":510,"minecraft:jump":4277,"minecraft:walk_on_water_one_cm":9215,"minecraft:total_world_time":138500,"minecraft:interact_with_furnace":34,"tombstone:raider_killed":2,"minecraft:sleep_in_bed":6,"minecraft:time_since_rest":11000,"minecraft:damage_taken":2824,"minecraft:damage_dealt":7039,"minecraft:fly_one_cm":662936,"minecraft:open_chest":35,"minecraft:crouch_one_cm":13079,"tombstone:undead_killed":7,"minecraft:interact_with_smoker":4,"minecraft:fall_one_cm":91511,"minecraft:horse_one_cm":5668},"minecraft:dropped":{"minecraft:iron_ingot":3,"minecraft:bread":40,"minecraft:wheat_seeds":5,"minecraft:cooked_porkchop":3,"minecraft:lead":2,"minecraft:iron_helmet":1,"minecraft:cobblestone":13,"minecraft:apple":3,"minecraft:leather":2,"minecraft:granite":2,"minecraft:golden_apple":1,"minecraft:stick":2,"minecraft:diorite":3,"minecraft:wooden_axe":2,"minecraft:iron_leggings":1,"minecraft:wooden_sword":1,"minecraft:iron_axe":1,"minecraft:paper":3,"minecraft:lily_pad":1,"minecraft:smooth_basalt":4,"minecraft:bone":3,"minecraft:stone_axe":1,"minecraft:golden_chestplate":2,"minecraft:pointed_dripstone":1,"minecraft:stone_shovel":2,"minecraft:rotten_flesh":5,"minecraft:iron_boots":1,"minecraft:green_concrete":2,"sophisticatedbackpacks:backpack":1,"minecraft:cooked_mutton":2,"minecraft:spruce_fence":1,"minecraft:shield":1,"minecraft:iron_chestplate":1,"minecraft:andesite":1,"minecraft:golden_leggings":2,"minecraft:spruce_log":7,"minecraft:arrow":4,"minecraft:wooden_pickaxe":1,"minecraft:stone_pickaxe":1,"minecraft:raw_gold":2,"minecraft:black_wool":1},"minecraft:crafted":{"minecraft:wooden_sword":2,"minecraft:stone_shovel":1,"minecraft:furnace":2,"minecraft:cooked_mutton":11,"minecraft:iron_boots":2,"minecraft:iron_axe":2,"minecraft:stone_pickaxe":1,"minecraft:smoker":1,"minecraft:wheat":221,"sophisticatedbackpacks:backpack":2,"minecraft:cooked_porkchop":9,"minecraft:crafting_table":2,"minecraft:spruce_planks":88,"minecraft:iron_helmet":2,"minecraft:wooden_pickaxe":1,"minecraft:bucket":1,"minecraft:stone_axe":1,"minecraft:bread":78,"minecraft:air":0,"minecraft:iron_chestplate":2,"minecraft:shield":2,"minecraft:stick":12,"minecraft:iron_ingot":73,"minecraft:iron_pickaxe":1,"minecraft:wooden_axe":2,"minecraft:iron_leggings":2,"minecraft:white_bed":1},"minecraft:picked_up":{"minecraft:wooden_axe":1,"minecraft:wheat":13,"minecraft:charcoal":10,"minecraft:crafting_table":13,"minecraft:anvil":1,"minecraft:smithing_table":1,"minecraft:lead":5,"minecraft:shield":1,"minecraft:amethyst_block":1,"minecraft:string":9,"minecraft:iron_axe":1,"minecraft:wooden_sword":1,"minecraft:sea_pickle":3,"minecraft:cobbled_deepslate":16,"minecraft:spruce_planks":54,"minecraft:beef":5,"minecraft:lectern":1,"minecraft:sugar_cane":12,"minecraft:chest":10,"minecraft:spruce_trapdoor":2,"minecraft:furnace":6,"minecraft:egg":4,"minecraft:stick":24,"minecraft:raw_iron":101,"minecraft:torch":49,"minecraft:spruce_fence":1,"minecraft:porkchop":7,"minecraft:pointed_dripstone":21,"tombstone:grave_dust":1,"minecraft:diorite":3,"minecraft:golden_chestplate":2,"minecraft:rotten_flesh":9,"minecraft:arrow":11,"minecraft:stone_shovel":1,"minecraft:hay_block":26,"minecraft:glow_berries":3,"minecraft:mutton":11,"minecraft:snowball":54,"minecraft:rail":9,"minecraft:white_wool":5,"minecraft:cobblestone":92,"minecraft:feather":7,"minecraft:andesite":1,"minecraft:leather":16,"minecraft:golden_leggings":2,"minecraft:oak_log":26,"minecraft:lily_pad":1,"minecraft:gunpowder":4,"minecraft:lapis_lazuli":57,"minecraft:dirt":181,"minecraft:paper":3,"minecraft:lantern":1,"minecraft:white_banner":1,"minecraft:name_tag":1,"minecraft:cooked_mutton":1,"minecraft:bone":8,"minecraft:bow":1,"minecraft:wheat_seeds":8,"minecraft:raw_gold":4,"minecraft:stone_pickaxe":1,"minecraft:cooked_chicken":3,"minecraft:book":15,"minecraft:smooth_basalt":12,"minecraft:cooked_porkchop":3,"minecraft:sweet_berries":14,"minecraft:dripstone_block":44,"minecraft:amethyst_shard":14,"minecraft:stripped_spruce_log":3,"minecraft:spruce_sapling":18,"minecraft:blast_furnace":1,"minecraft:white_bed":12,"minecraft:spruce_log":221,"minecraft:green_concrete":2,"minecraft:diamond":3,"minecraft:stone_axe":1,"minecraft:granite":2,"minecraft:emerald":1,"minecraft:bread":19,"minecraft:oak_sapling":7,"minecraft:black_wool":1,"minecraft:coal":41},"minecraft:mined":{"minecraft:diamond_ore":3,"minecraft:large_amethyst_bud":5,"minecraft:white_bed":11,"minecraft:spruce_trapdoor":2,"minecraft:cave_vines_plant":4,"minecraft:granite":2,"minecraft:grass_block":33,"minecraft:spruce_fence":1,"minecraft:spruce_leaves":6,"minecraft:green_concrete":2,"minecraft:large_fern":20,"minecraft:hay_block":26,"minecraft:furnace":6,"minecraft:iron_ore":46,"minecraft:barrel":1,"minecraft:snow":40,"minecraft:stripped_spruce_log":1,"minecraft:anvil":1,"minecraft:bookshelf":4,"minecraft:pointed_dripstone":2,"minecraft:cave_vines":3,"minecraft:deepslate_iron_ore":35,"minecraft:vine":4,"minecraft:rail":1,"minecraft:stone":59,"minecraft:podzol":2,"minecraft:smithing_table":1,"minecraft:glass_pane":1,"minecraft:amethyst_cluster":3,"minecraft:crafting_table":12,"minecraft:blast_furnace":1,"minecraft:calcite":1,"minecraft:chest":3,"minecraft:tall_grass":7,"minecraft:deepslate_gold_ore":2,"minecraft:sugar_cane":3,"minecraft:diorite":1,"minecraft:wall_torch":1,"minecraft:amethyst_block":1,"minecraft:sweet_berry_bush":6,"minecraft:ice":3,"minecraft:spruce_log":252,"minecraft:bee_nest":1,"minecraft:grass":37,"minecraft:oak_log":50,"minecraft:coal_ore":17,"minecraft:dripstone_block":2,"minecraft:dirt":34,"minecraft:cobweb":8,"minecraft:smooth_basalt":3,"minecraft:oak_leaves":7,"minecraft:deepslate":5,"minecraft:fern":5,"minecraft:suspicious_gravel":1}},"DataVersion":3465}