{"stats":{"minecraft:crafted":{"minecraft:oak_planks":8,"minecraft:birch_boat":1,"sophisticatedbackpacks:crafting_upgrade":1,"minecraft:cooked_mutton":11,"spartanshields:iron_basic_shield":1,"minecraft:iron_boots":2,"minecraft:birch_fence_gate":9,"minecraft:chest":2,"minecraft:smoker":1,"minecraft:wooden_shovel":2,"sophisticatedbackpacks:backpack":2,"minecraft:cooked_porkchop":37,"minecraft:crafting_table":8,"minecraft:spruce_planks":88,"minecraft:wooden_pickaxe":1,"minecraft:iron_helmet":2,"minecraft:birch_planks":1580,"sophisticatedbackpacks:upgrade_base":1,"minecraft:iron_chestplate":2,"minecraft:charcoal":13,"minecraft:shield":2,"minecraft:stick":40,"minecraft:iron_ingot":122,"minecraft:iron_pickaxe":4,"spartanshields:wooden_basic_shield":2,"minecraft:wooden_sword":2,"minecraft:stone_shovel":1,"ecologics:coconut_planks":72,"minecraft:furnace":3,"minecraft:white_carpet":6,"minecraft:iron_axe":7,"minecraft:iron_hoe":2,"minecraft:stone_pickaxe":1,"minecraft:wheat":221,"sophisticatedbackpacks:iron_backpack":2,"minecraft:cooked_beef":14,"minecraft:bucket":1,"minecraft:stone_axe":1,"minecraft:bread":78,"minecraft:air":0,"minecraft:wooden_axe":2,"minecraft:iron_leggings":2,"minecraft:white_bed":1,"minecraft:torch":148,"tombstone:bone_needle":2},"minecraft:broken":{"minecraft:iron_hoe":2,"minecraft:iron_axe":4,"minecraft:iron_pickaxe":2,"minecraft:iron_helmet":1},"minecraft:dropped":{"sophisticatedbackpacks:iron_backpack":1,"minecraft:cooked_beef":1,"minecraft:baked_potato":2,"minecraft:glass_bottle":1,"minecraft:cooked_porkchop":12,"ecologics:coconut_slice":6,"minecraft:glow_berries":1,"minecraft:leather":2,"sleep_tight:hammock_white":2,"minecraft:saddle":1,"minecraft:rail":9,"minecraft:dirt":11,"tombstone:bone_needle":3,"minecraft:wooden_sword":1,"minecraft:birch_log":1,"minecraft:white_wool":4,"minecraft:gold_ingot":2,"minecraft:bone":3,"minecraft:stone_axe":1,"minecraft:sugar_cane":16,"minecraft:golden_chestplate":2,"minecraft:birch_sapling":56,"minecraft:obsidian":1,"minecraft:pointed_dripstone":12,"minecraft:rotten_flesh":14,"minecraft:oak_planks":6,"minecraft:cooked_mutton":13,"minecraft:white_bed":1,"ecologics:coconut_husk":15,"minecraft:arrow":6,"minecraft:lectern":1,"minecraft:enchanted_book":1,"minecraft:iron_ingot":4,"minecraft:bread":46,"minecraft:wheat_seeds":11,"minecraft:dripstone_block":12,"ecologics:coconut_seedling":1,"minecraft:iron_helmet":2,"minecraft:cobblestone":13,"minecraft:lead":2,"minecraft:apple":3,"minecraft:granite":9,"ecologics:crab_claw":2,"spartanshields:iron_basic_shield":1,"minecraft:golden_apple":1,"minecraft:stick":2,"minecraft:milk_bucket":1,"minecraft:diorite":5,"minecraft:torch":29,"tombstone:grave_key":1,"minecraft:wooden_axe":2,"minecraft:fire_charge":2,"minecraft:iron_leggings":2,"minecraft:iron_axe":2,"minecraft:paper":3,"minecraft:string":1,"minecraft:lily_pad":1,"minecraft:smooth_basalt":4,"minecraft:kelp":2,"minecraft:stone_shovel":2,"minecraft:iron_boots":2,"minecraft:green_concrete":2,"sophisticatedbackpacks:backpack":1,"minecraft:spruce_fence":1,"minecraft:big_dripleaf":3,"minecraft:shield":1,"ecologics:walnut":2,"minecraft:spruce_trapdoor":3,"minecraft:iron_chestplate":2,"minecraft:andesite":1,"minecraft:oak_boat":1,"minecraft:golden_leggings":2,"minecraft:wooden_shovel":1,"minecraft:spider_eye":1,"minecraft:spruce_log":7,"minecraft:birch_boat":2,"minecraft:stone_pickaxe":1,"minecraft:wooden_pickaxe":1,"minecraft:raw_gold":2,"minecraft:black_wool":1},"minecraft:mined":{"minecraft:large_amethyst_bud":5,"minecraft:white_bed":19,"minecraft:cobblestone_stairs":1,"minecraft:sculk_vein":47,"minecraft:brewing_stand":1,"minecraft:potted_dead_bush":1,"ecologics:surface_moss":1,"minecraft:spruce_trapdoor":7,"minecraft:cave_vines_plant":16,"minecraft:granite":8,"minecraft:grass_block":73,"minecraft:green_concrete":2,"minecraft:frosted_ice":1,"minecraft:spawner":6,"minecraft:sculk_catalyst":4,"minecraft:iron_ore":80,"minecraft:fire":4,"minecraft:barrel":3,"minecraft:deepslate_lapis_ore":1,"minecraft:anvil":2,"minecraft:sculk_shrieker":1,"minecraft:pointed_dripstone":2,"minecraft:cave_vines":20,"minecraft:dirt_path":1,"minecraft:black_candle":2,"ecologics:walnut_log":4,"minecraft:deepslate_redstone_ore":9,"minecraft:red_bed":2,"minecraft:smoker":1,"minecraft:amethyst_cluster":3,"minecraft:torch":3,"minecraft:blast_furnace":1,"minecraft:calcite":1,"minecraft:chest":4,"minecraft:cobblestone":29,"minecraft:sugar_cane":3,"minecraft:oak_planks":13,"minecraft:wall_torch":5,"minecraft:spruce_sign":1,"minecraft:amethyst_block":1,"minecraft:skeleton_skull":4,"minecraft:chain":4,"minecraft:yellow_wool":1,"minecraft:birch_log":424,"minecraft:grass":57,"minecraft:oak_log":50,"minecraft:loom":1,"minecraft:sand":3,"minecraft:dirt":43,"minecraft:smooth_basalt":3,"minecraft:oak_leaves":9,"minecraft:deepslate":11,"minecraft:suspicious_gravel":1,"minecraft:diamond_ore":3,"minecraft:tuff":1,"minecraft:deepslate_diamond_ore":3,"minecraft:dark_oak_log":34,"minecraft:glow_lichen":1,"minecraft:birch_fence_gate":2,"minecraft:stone_button":2,"minecraft:spruce_fence":5,"minecraft:redstone_wire":4,"ecologics:coconut_log":34,"minecraft:spruce_leaves":6,"minecraft:kelp":1,"minecraft:large_fern":20,"minecraft:hay_block":28,"minecraft:furnace":10,"minecraft:snow":40,"minecraft:andesite":38,"minecraft:stripped_spruce_log":1,"minecraft:gold_block":1,"minecraft:big_dripleaf_stem":2,"minecraft:bookshelf":13,"minecraft:cobblestone_slab":1,"minecraft:deepslate_iron_ore":61,"minecraft:vine":4,"minecraft:rail":1,"minecraft:stone":351,"minecraft:white_wool":1,"minecraft:podzol":2,"minecraft:smithing_table":1,"minecraft:glass_pane":1,"minecraft:stone_brick_slab":2,"minecraft:crafting_table":15,"minecraft:sculk_sensor":6,"minecraft:lectern":1,"minecraft:tall_grass":16,"minecraft:lapis_ore":5,"minecraft:deepslate_gold_ore":12,"minecraft:sculk":453,"minecraft:diorite":5,"minecraft:big_dripleaf":1,"minecraft:spruce_stairs":1,"minecraft:birch_planks":46,"minecraft:sweet_berry_bush":6,"minecraft:ice":3,"minecraft:spruce_log":252,"minecraft:birch_leaves":1,"minecraft:bee_nest":1,"minecraft:yellow_bed":1,"minecraft:coal_ore":96,"minecraft:dripstone_block":2,"minecraft:gray_carpet":3,"minecraft:lodestone":2,"minecraft:cobweb":8,"minecraft:fern":5},"minecraft:picked_up":{"minecraft:wooden_axe":1,"minecraft:wheat":13,"minecraft:flower_pot":1,"minecraft:anvil":2,"minecraft:yellow_wool":1,"minecraft:smithing_table":1,"minecraft:lead":6,"minecraft:potion":3,"minecraft:enchanted_book":1,"tombstone:grave_key":1,"minecraft:brewing_stand":1,"minecraft:amethyst_block":1,"minecraft:polished_blackstone_brick_stairs":1,"minecraft:soul_soil":1,"minecraft:string":22,"minecraft:sea_pickle":3,"minecraft:cobbled_deepslate":34,"minecraft:spruce_planks":55,"minecraft:cobblestone_slab":1,"minecraft:enchanted_golden_apple":1,"minecraft:furnace":10,"ecologics:crab_claw":2,"tombstone:scroll_of_lightning_resistance":1,"minecraft:stick":110,"ecologics:walnut_log":4,"minecraft:big_dripleaf":3,"minecraft:torch":77,"ecologics:coconut_seedling":3,"minecraft:spruce_stairs":1,"minecraft:porkchop":17,"tombstone:bone_needle":3,"minecraft:pointed_dripstone":32,"tombstone:grave_dust":5,"minecraft:diorite":7,"minecraft:golden_chestplate":2,"minecraft:rotten_flesh":25,"artifacts:villager_hat":1,"ecologics:coconut_log":26,"minecraft:iron_bars":1,"minecraft:obsidian":1,"minecraft:snowball":54,"minecraft:cobblestone":415,"minecraft:birch_log":412,"ecologics:walnut":6,"minecraft:feather":7,"minecraft:water_bucket":1,"minecraft:andesite":39,"minecraft:golden_leggings":2,"minecraft:smoker":1,"minecraft:potato":3,"minecraft:tuff":1,"artifacts:flippers":1,"minecraft:lapis_lazuli":93,"minecraft:dirt":241,"minecraft:lantern":1,"minecraft:name_tag":1,"minecraft:bone":37,"minecraft:bow":2,"minecraft:wheat_seeds":15,"minecraft:raw_gold":14,"minecraft:oak_planks":15,"minecraft:cooked_porkchop":3,"minecraft:birch_fence_gate":2,"minecraft:sand":3,"ecologics:coconut_husk":2,"minecraft:stripped_spruce_log":3,"minecraft:dead_bush":1,"minecraft:loom":1,"minecraft:barrel":2,"minecraft:green_concrete":2,"minecraft:diamond":8,"minecraft:crossbow":1,"minecraft:granite":12,"minecraft:spruce_sign":3,"minecraft:emerald":5,"minecraft:bread":22,"minecraft:oak_sapling":7,"minecraft:charcoal":13,"minecraft:crafting_table":16,"minecraft:gold_block":9,"minecraft:chain":5,"minecraft:shield":1,"minecraft:red_bed":4,"minecraft:wooden_sword":1,"minecraft:iron_axe":2,"ecologics:walnut_sapling":3,"minecraft:beef":15,"minecraft:oak_boat":1,"minecraft:poppy":1,"minecraft:iron_nugget":29,"minecraft:lectern":3,"minecraft:sugar_cane":28,"minecraft:chest":11,"minecraft:birch_sapling":102,"minecraft:spruce_trapdoor":7,"minecraft:egg":4,"minecraft:raw_iron":159,"ecologics:coconut_slice":20,"sophisticatedbackpacks:backpack":1,"minecraft:spruce_fence":6,"minecraft:fire_charge":2,"minecraft:stone_button":2,"minecraft:redstone":47,"minecraft:stone_shovel":1,"minecraft:arrow":30,"minecraft:hay_block":28,"minecraft:saddle":1,"minecraft:gold_ingot":2,"minecraft:skeleton_skull":5,"minecraft:glow_berries":17,"minecraft:mutton":13,"minecraft:white_wool":16,"minecraft:rail":18,"minecraft:leather":17,"minecraft:ochre_froglight":1,"minecraft:birch_planks":74,"minecraft:oak_log":28,"minecraft:lily_pad":1,"minecraft:yellow_bed":1,"minecraft:cobbled_deepslate_stairs":1,"minecraft:gunpowder":6,"minecraft:cobblestone_stairs":1,"minecraft:paper":3,"minecraft:white_banner":2,"tombstone:gift":1,"minecraft:cooked_mutton":9,"minecraft:gray_carpet":2,"minecraft:kelp":3,"minecraft:iron_ingot":4,"minecraft:stone_pickaxe":1,"minecraft:cooked_chicken":3,"minecraft:book":42,"minecraft:black_candle":3,"minecraft:smooth_basalt":12,"minecraft:birch_boat":1,"minecraft:sweet_berries":14,"minecraft:stone_brick_slab":2,"minecraft:dripstone_block":56,"minecraft:amethyst_shard":16,"minecraft:blast_furnace":1,"minecraft:spruce_sapling":18,"minecraft:white_bed":21,"minecraft:spruce_log":221,"minecraft:spider_eye":1,"minecraft:stone_axe":1,"minecraft:iron_helmet":1,"minecraft:lodestone":2,"tombstone:magic_scroll":1,"minecraft:black_wool":1,"minecraft:coal":122},"minecraft:killed_by":{"minecraft:creeper":1,"minecraft:drowned":2,"minecraft:zombie":1,"minecraft:player":1,"minecraft:iron_golem":2,"minecraft:skeleton":2},"minecraft:killed":{"minecraft:witch":2,"minecraft:spider":15,"minecraft:skeleton":39,"ecologics:coconut_crab":2,"artifacts:mimic":2,"sleep_tight:bedbug":2,"minecraft:pig":17,"minecraft:iron_golem":2,"minecraft:creeper":4,"minecraft:sheep":15,"minecraft:pillager":10,"minecraft:zombie":38,"ecologics:penguin":1,"minecraft:cow":12,"minecraft:drowned":10,"minecraft:enderman":2},"minecraft:custom":{"minecraft:interact_with_crafting_table":69,"minecraft:open_barrel":42,"minecraft:eat_cake_slice":5,"minecraft:leave_game":8,"minecraft:time_since_death":2683,"minecraft:sprint_one_cm":1250679,"minecraft:damage_blocked_by_shield":5325,"minecraft:drop":196,"minecraft:talked_to_villager":11,"minecraft:play_time":469645,"minecraft:deaths":11,"minecraft:jump":10067,"minecraft:interact_with_brewingstand":1,"minecraft:walk_on_water_one_cm":71625,"minecraft:interact_with_furnace":50,"minecraft:interact_with_loom":1,"minecraft:sleep_in_bed":16,"minecraft:damage_dealt":19253,"minecraft:crouch_one_cm":47120,"tombstone:undead_killed":40,"minecraft:interact_with_smoker":11,"minecraft:horse_one_cm":5668,"minecraft:interact_with_smithing_table":1,"minecraft:mob_kills":101,"minecraft:interact_with_anvil":1,"minecraft:climb_one_cm":1361,"minecraft:walk_one_cm":1036762,"minecraft:sneak_time":15919,"minecraft:walk_under_water_one_cm":62507,"minecraft:boat_one_cm":639550,"minecraft:interact_with_lectern":19,"minecraft:interact_with_blast_furnace":7,"minecraft:total_world_time":469645,"tombstone:raider_killed":6,"minecraft:interact_with_grindstone":1,"minecraft:time_since_rest":284,"minecraft:damage_taken":9422,"tombstone:cast_on_ally":0,"minecraft:swim_one_cm":91484,"minecraft:fly_one_cm":1539667,"minecraft:open_chest":115,"minecraft:fall_one_cm":220489},"minecraft:used":{"minecraft:chest":4,"minecraft:shield":36,"minecraft:iron_chestplate":1,"minecraft:tuff":1,"minecraft:axolotl_bucket":4,"minecraft:snowball":54,"minecraft:stripped_spruce_log":3,"minecraft:lava_bucket":1,"spartanshields:iron_basic_shield":61,"minecraft:hay_block":2,"minecraft:oak_sapling":7,"minecraft:furnace":9,"minecraft:gray_carpet":2,"minecraft:stone_pickaxe":83,"minecraft:oak_planks":29,"minecraft:wooden_pickaxe":19,"minecraft:white_wool":1,"minecraft:glow_berries":19,"minecraft:sand":3,"minecraft:blast_furnace":1,"minecraft:ochre_froglight":1,"minecraft:dripstone_block":4,"minecraft:birch_fence_gate":11,"minecraft:bread":74,"tombstone:grave_key":7,"ecologics:coconut_slice":20,"minecraft:fire_charge":1,"minecraft:wooden_sword":11,"minecraft:birch_log":16,"minecraft:iron_bars":1,"minecraft:flint_and_steel":7,"minecraft:stone_shovel":96,"minecraft:spruce_planks":3,"minecraft:wooden_shovel":45,"minecraft:cooked_chicken":3,"minecraft:torch":183,"minecraft:dirt":181,"minecraft:anvil":1,"minecraft:spruce_stairs":1,"minecraft:spruce_fence":2,"minecraft:iron_hoe":502,"minecraft:wooden_axe":39,"minecraft:iron_axe":1285,"minecraft:polished_blackstone_brick_stairs":1,"minecraft:iron_boots":1,"minecraft:barrel":1,"ecologics:walnut":4,"tombstone:gift":10,"ecologics:coconut_seedling":1,"minecraft:cooked_beef":13,"minecraft:cobbled_deepslate":15,"minecraft:iron_leggings":1,"minecraft:cooked_mutton":7,"minecraft:water_bucket":11,"minecraft:cobblestone_stairs":1,"minecraft:lodestone":1,"minecraft:birch_planks":1458,"minecraft:spruce_sign":3,"ecologics:walnut_sapling":3,"minecraft:crafting_table":23,"minecraft:red_bed":4,"minecraft:white_bed":19,"minecraft:smoker":2,"minecraft:flower_pot":1,"minecraft:apple":11,"minecraft:iron_pickaxe":688,"tombstone:magic_scroll":2,"minecraft:spruce_trapdoor":4,"minecraft:yellow_wool":1,"minecraft:stone_axe":49,"minecraft:cobblestone":169,"minecraft:potion":2,"ecologics:coconut_log":8,"minecraft:white_banner":1,"minecraft:cooked_porkchop":23,"minecraft:bucket":17,"minecraft:black_candle":3,"minecraft:yellow_bed":1,"minecraft:kelp":1}},"DataVersion":3465}