{"stats":{"minecraft:used":{"minecraft:stone_shovel":96,"minecraft:spruce_planks":2,"minecraft:chest":2,"minecraft:shield":18,"minecraft:cooked_chicken":3,"minecraft:iron_chestplate":1,"minecraft:torch":26,"minecraft:dirt":167,"minecraft:snowball":54,"minecraft:wooden_axe":39,"minecraft:iron_axe":7,"minecraft:iron_boots":1,"minecraft:furnace":3,"minecraft:iron_leggings":1,"minecraft:cooked_mutton":4,"minecraft:water_bucket":1,"minecraft:stone_pickaxe":83,"minecraft:wooden_pickaxe":19,"minecraft:glow_berries":3,"minecraft:crafting_table":6,"minecraft:white_bed":2,"minecraft:dripstone_block":4,"minecraft:smoker":1,"minecraft:bread":3,"minecraft:iron_pickaxe":96,"minecraft:stone_axe":49,"minecraft:wooden_sword":11,"minecraft:cooked_porkchop":6,"minecraft:bucket":2},"minecraft:custom":{"minecraft:mob_kills":11,"minecraft:interact_with_crafting_table":31,"minecraft:leave_game":2,"minecraft:time_since_death":67659,"minecraft:climb_one_cm":546,"minecraft:sprint_one_cm":223882,"minecraft:walk_one_cm":162296,"minecraft:damage_blocked_by_shield":1335,"minecraft:drop":42,"minecraft:play_time":67659,"minecraft:sneak_time":5095,"minecraft:walk_under_water_one_cm":419,"minecraft:jump":1452,"minecraft:walk_on_water_one_cm":3051,"minecraft:total_world_time":67659,"minecraft:interact_with_furnace":26,"minecraft:sleep_in_bed":2,"minecraft:time_since_rest":41865,"minecraft:damage_taken":925,"minecraft:damage_dealt":2307,"minecraft:fly_one_cm":248076,"minecraft:open_chest":24,"minecraft:crouch_one_cm":10436,"minecraft:interact_with_smoker":4,"minecraft:fall_one_cm":42853},"minecraft:killed":{"minecraft:spider":1,"minecraft:skeleton":3,"minecraft:pig":2,"minecraft:sheep":3,"ecologics:penguin":1},"minecraft:dropped":{"minecraft:wheat_seeds":1,"minecraft:cooked_porkchop":2,"minecraft:iron_helmet":1,"minecraft:cobblestone":11,"minecraft:granite":2,"minecraft:diorite":3,"minecraft:wooden_axe":2,"minecraft:iron_leggings":1,"minecraft:wooden_sword":1,"minecraft:paper":3,"minecraft:lily_pad":1,"minecraft:stone_axe":1,"minecraft:stone_shovel":2,"minecraft:pointed_dripstone":1,"minecraft:iron_boots":1,"minecraft:spruce_fence":1,"minecraft:shield":1,"minecraft:iron_chestplate":1,"minecraft:andesite":1,"minecraft:spruce_log":7,"minecraft:stone_pickaxe":1,"minecraft:wooden_pickaxe":1,"minecraft:black_wool":1},"minecraft:crafted":{"minecraft:wooden_sword":2,"minecraft:stone_shovel":1,"minecraft:furnace":2,"minecraft:cooked_mutton":8,"minecraft:iron_boots":2,"minecraft:iron_axe":1,"minecraft:stone_pickaxe":1,"minecraft:smoker":1,"minecraft:cooked_porkchop":7,"minecraft:crafting_table":2,"minecraft:spruce_planks":88,"minecraft:wooden_pickaxe":1,"minecraft:iron_helmet":2,"minecraft:bucket":1,"minecraft:stone_axe":1,"minecraft:air":0,"minecraft:iron_chestplate":2,"minecraft:shield":2,"minecraft:stick":12,"minecraft:iron_ingot":73,"minecraft:iron_pickaxe":1,"minecraft:wooden_axe":2,"minecraft:iron_leggings":2},"minecraft:mined":{"minecraft:diamond_ore":3,"minecraft:large_amethyst_bud":5,"minecraft:white_bed":3,"minecraft:cave_vines_plant":4,"minecraft:granite":2,"minecraft:spruce_fence":1,"minecraft:grass_block":33,"minecraft:spruce_leaves":4,"minecraft:large_fern":15,"minecraft:furnace":4,"minecraft:iron_ore":46,"minecraft:snow":40,"minecraft:anvil":1,"minecraft:bookshelf":4,"minecraft:pointed_dripstone":2,"minecraft:vine":4,"minecraft:cave_vines":3,"minecraft:deepslate_iron_ore":35,"minecraft:rail":1,"minecraft:stone":59,"minecraft:amethyst_cluster":3,"minecraft:crafting_table":5,"minecraft:calcite":1,"minecraft:chest":3,"minecraft:deepslate_gold_ore":2,"minecraft:sugar_cane":3,"minecraft:diorite":1,"minecraft:amethyst_block":1,"minecraft:ice":3,"minecraft:spruce_log":35,"minecraft:grass":10,"minecraft:coal_ore":17,"minecraft:dirt":34,"minecraft:dripstone_block":2,"minecraft:cobweb":8,"minecraft:smooth_basalt":3,"minecraft:deepslate":5,"minecraft:fern":3,"minecraft:suspicious_gravel":1},"minecraft:picked_up":{"minecraft:wooden_axe":1,"minecraft:charcoal":10,"minecraft:crafting_table":6,"minecraft:anvil":1,"minecraft:shield":1,"minecraft:amethyst_block":1,"minecraft:string":8,"minecraft:wooden_sword":1,"minecraft:sea_pickle":3,"minecraft:cobbled_deepslate":16,"minecraft:spruce_planks":54,"minecraft:lectern":1,"minecraft:chest":5,"minecraft:sugar_cane":12,"minecraft:furnace":4,"minecraft:egg":4,"minecraft:raw_iron":101,"minecraft:stick":14,"minecraft:torch":48,"minecraft:spruce_fence":1,"minecraft:porkchop":4,"minecraft:pointed_dripstone":21,"minecraft:diorite":3,"minecraft:stone_shovel":1,"minecraft:arrow":6,"minecraft:rotten_flesh":4,"minecraft:glow_berries":3,"minecraft:mutton":8,"minecraft:cobblestone":92,"minecraft:white_wool":3,"minecraft:snowball":54,"minecraft:rail":9,"minecraft:feather":7,"minecraft:andesite":1,"minecraft:leather":4,"minecraft:lily_pad":1,"minecraft:gunpowder":4,"minecraft:lapis_lazuli":57,"minecraft:dirt":179,"minecraft:paper":3,"minecraft:lantern":1,"minecraft:name_tag":1,"minecraft:cooked_mutton":1,"minecraft:bone":3,"minecraft:bow":1,"minecraft:wheat_seeds":1,"minecraft:raw_gold":2,"minecraft:stone_pickaxe":1,"minecraft:cooked_chicken":3,"minecraft:book":15,"minecraft:smooth_basalt":8,"minecraft:cooked_porkchop":2,"minecraft:dripstone_block":24,"minecraft:amethyst_shard":14,"minecraft:spruce_sapling":11,"minecraft:white_bed":4,"minecraft:spruce_log":35,"minecraft:diamond":3,"minecraft:stone_axe":1,"minecraft:granite":2,"minecraft:black_wool":1,"minecraft:coal":35}},"DataVersion":3465}