{"stats":{"minecraft:used":{"minecraft:cooked_mutton":1,"minecraft:stone_shovel":96,"minecraft:stone_pickaxe":83,"minecraft:chest":2,"minecraft:shield":14,"minecraft:spruce_planks":2,"minecraft:wooden_pickaxe":19,"minecraft:cooked_chicken":3,"minecraft:iron_chestplate":1,"minecraft:torch":26,"minecraft:glow_berries":3,"minecraft:dirt":153,"minecraft:crafting_table":5,"minecraft:white_bed":2,"minecraft:snowball":54,"minecraft:smoker":1,"minecraft:wooden_axe":39,"minecraft:bread":2,"minecraft:iron_pickaxe":71,"minecraft:iron_boots":1,"minecraft:stone_axe":44,"minecraft:wooden_sword":11,"minecraft:furnace":2,"minecraft:cooked_porkchop":6,"minecraft:iron_leggings":1},"minecraft:custom":{"minecraft:interact_with_furnace":14,"minecraft:mob_kills":9,"minecraft:interact_with_crafting_table":23,"minecraft:leave_game":2,"minecraft:time_since_death":55659,"minecraft:sleep_in_bed":2,"minecraft:climb_one_cm":546,"minecraft:time_since_rest":29865,"minecraft:sprint_one_cm":177620,"minecraft:damage_taken":732,"minecraft:walk_one_cm":134576,"minecraft:damage_blocked_by_shield":1065,"minecraft:drop":29,"minecraft:damage_dealt":1781,"minecraft:fly_one_cm":200661,"minecraft:open_chest":21,"minecraft:crouch_one_cm":9754,"minecraft:play_time":55659,"minecraft:sneak_time":4802,"minecraft:walk_under_water_one_cm":419,"minecraft:jump":1128,"minecraft:walk_on_water_one_cm":2842,"minecraft:interact_with_smoker":4,"minecraft:total_world_time":55659,"minecraft:fall_one_cm":32449},"minecraft:killed":{"minecraft:pig":2,"minecraft:skeleton":2,"minecraft:sheep":3,"ecologics:penguin":1},"minecraft:dropped":{"minecraft:wheat_seeds":1,"minecraft:pointed_dripstone":1,"minecraft:cobblestone":11,"minecraft:spruce_fence":1,"minecraft:shield":1,"minecraft:wooden_axe":2,"minecraft:wooden_sword":1,"minecraft:spruce_log":7,"minecraft:wooden_pickaxe":1,"minecraft:paper":3,"minecraft:lily_pad":1,"minecraft:black_wool":1},"minecraft:crafted":{"minecraft:wooden_sword":2,"minecraft:stone_shovel":1,"minecraft:cooked_porkchop":7,"minecraft:crafting_table":2,"minecraft:spruce_planks":88,"minecraft:iron_helmet":1,"minecraft:wooden_pickaxe":1,"minecraft:furnace":1,"minecraft:stone_axe":1,"minecraft:air":0,"minecraft:iron_boots":1,"minecraft:iron_chestplate":1,"minecraft:shield":2,"minecraft:stick":8,"minecraft:iron_ingot":41,"minecraft:iron_pickaxe":1,"minecraft:stone_pickaxe":1,"minecraft:wooden_axe":2,"minecraft:iron_leggings":1,"minecraft:smoker":1},"minecraft:mined":{"minecraft:large_amethyst_bud":5,"minecraft:diamond_ore":3,"minecraft:white_bed":3,"minecraft:amethyst_cluster":3,"minecraft:crafting_table":3,"minecraft:cave_vines_plant":4,"minecraft:granite":2,"minecraft:calcite":1,"minecraft:grass_block":33,"minecraft:spruce_fence":1,"minecraft:chest":3,"minecraft:spruce_leaves":4,"minecraft:sugar_cane":3,"minecraft:diorite":1,"minecraft:amethyst_block":1,"minecraft:large_fern":15,"minecraft:furnace":2,"minecraft:iron_ore":46,"minecraft:snow":40,"minecraft:ice":3,"minecraft:spruce_log":35,"minecraft:anvil":1,"minecraft:deepslate_iron_ore":17,"minecraft:grass":10,"minecraft:pointed_dripstone":2,"minecraft:bookshelf":4,"minecraft:coal_ore":17,"minecraft:cave_vines":3,"minecraft:vine":4,"minecraft:rail":1,"minecraft:dripstone_block":2,"minecraft:dirt":34,"minecraft:cobweb":8,"minecraft:smooth_basalt":3,"minecraft:stone":59,"minecraft:deepslate":2,"minecraft:fern":3,"minecraft:suspicious_gravel":1},"minecraft:picked_up":{"minecraft:wooden_axe":1,"minecraft:charcoal":10,"minecraft:crafting_table":4,"minecraft:feather":7,"minecraft:anvil":1,"minecraft:leather":2,"minecraft:lily_pad":1,"minecraft:shield":1,"minecraft:gunpowder":4,"minecraft:amethyst_block":1,"minecraft:lapis_lazuli":57,"minecraft:lantern":1,"minecraft:string":8,"minecraft:dirt":179,"minecraft:paper":3,"minecraft:wooden_sword":1,"minecraft:name_tag":1,"minecraft:cooked_mutton":1,"minecraft:bone":3,"minecraft:sea_pickle":3,"minecraft:bow":1,"minecraft:wheat_seeds":1,"minecraft:cobbled_deepslate":11,"minecraft:spruce_planks":54,"minecraft:stone_pickaxe":1,"minecraft:cooked_chicken":3,"minecraft:lectern":1,"minecraft:sugar_cane":12,"minecraft:chest":5,"minecraft:egg":4,"minecraft:furnace":2,"minecraft:book":15,"minecraft:stick":14,"minecraft:raw_iron":71,"minecraft:smooth_basalt":4,"minecraft:cooked_porkchop":2,"minecraft:torch":48,"minecraft:dripstone_block":24,"minecraft:spruce_fence":1,"minecraft:amethyst_shard":14,"minecraft:porkchop":4,"minecraft:spruce_sapling":11,"minecraft:pointed_dripstone":21,"minecraft:diorite":1,"minecraft:white_bed":4,"minecraft:spruce_log":35,"minecraft:arrow":5,"minecraft:rotten_flesh":4,"minecraft:diamond":3,"minecraft:stone_axe":1,"minecraft:granite":2,"minecraft:black_wool":1,"minecraft:rail":9,"minecraft:glow_berries":3,"minecraft:mutton":8,"minecraft:coal":26,"minecraft:snowball":54,"minecraft:white_wool":3,"minecraft:cobblestone":92}},"DataVersion":3465}