{"stats":{"minecraft:crafted":{"minecraft:oak_planks":8,"minecraft:birch_boat":1,"sophisticatedbackpacks:crafting_upgrade":1,"minecraft:cooked_mutton":11,"spartanshields:iron_basic_shield":1,"minecraft:iron_boots":2,"minecraft:birch_fence_gate":9,"minecraft:chest":2,"minecraft:smoker":1,"minecraft:wooden_shovel":2,"sophisticatedbackpacks:backpack":2,"minecraft:cooked_porkchop":27,"minecraft:crafting_table":8,"minecraft:spruce_planks":88,"minecraft:wooden_pickaxe":1,"minecraft:iron_helmet":2,"minecraft:birch_planks":1580,"sophisticatedbackpacks:upgrade_base":1,"minecraft:iron_chestplate":2,"minecraft:charcoal":13,"minecraft:shield":2,"minecraft:stick":32,"minecraft:iron_ingot":122,"minecraft:iron_pickaxe":4,"spartanshields:wooden_basic_shield":2,"minecraft:wooden_sword":2,"minecraft:stone_shovel":1,"ecologics:coconut_planks":72,"minecraft:furnace":3,"minecraft:iron_axe":7,"minecraft:iron_hoe":2,"minecraft:stone_pickaxe":1,"minecraft:wheat":221,"sophisticatedbackpacks:iron_backpack":2,"minecraft:cooked_beef":14,"minecraft:bucket":1,"minecraft:stone_axe":1,"minecraft:bread":78,"minecraft:air":0,"minecraft:wooden_axe":2,"minecraft:iron_leggings":2,"minecraft:white_bed":1,"minecraft:torch":132,"tombstone:bone_needle":2},"minecraft:broken":{"minecraft:iron_hoe":2,"minecraft:iron_axe":4,"minecraft:iron_pickaxe":2},"minecraft:dropped":{"sophisticatedbackpacks:iron_backpack":1,"minecraft:cooked_beef":1,"minecraft:glass_bottle":1,"minecraft:cooked_porkchop":12,"ecologics:coconut_slice":3,"minecraft:glow_berries":1,"minecraft:leather":2,"minecraft:saddle":1,"minecraft:rail":9,"tombstone:bone_needle":3,"minecraft:wooden_sword":1,"minecraft:birch_log":1,"minecraft:white_wool":4,"minecraft:gold_ingot":2,"minecraft:bone":3,"minecraft:stone_axe":1,"minecraft:sugar_cane":16,"minecraft:golden_chestplate":2,"minecraft:birch_sapling":56,"minecraft:obsidian":1,"minecraft:pointed_dripstone":12,"minecraft:rotten_flesh":14,"minecraft:oak_planks":6,"minecraft:cooked_mutton":13,"minecraft:white_bed":1,"ecologics:coconut_husk":2,"minecraft:arrow":6,"minecraft:lectern":1,"minecraft:enchanted_book":1,"minecraft:iron_ingot":4,"minecraft:bread":40,"minecraft:wheat_seeds":10,"minecraft:dripstone_block":12,"ecologics:coconut_seedling":1,"minecraft:iron_helmet":2,"minecraft:cobblestone":13,"minecraft:lead":2,"minecraft:apple":3,"minecraft:granite":9,"ecologics:crab_claw":2,"spartanshields:iron_basic_shield":1,"minecraft:golden_apple":1,"minecraft:stick":2,"minecraft:milk_bucket":1,"minecraft:diorite":5,"minecraft:torch":29,"minecraft:wooden_axe":2,"minecraft:fire_charge":2,"minecraft:iron_leggings":1,"minecraft:iron_axe":2,"minecraft:paper":3,"minecraft:string":1,"minecraft:lily_pad":1,"minecraft:smooth_basalt":4,"minecraft:stone_shovel":2,"minecraft:iron_boots":2,"minecraft:green_concrete":2,"sophisticatedbackpacks:backpack":1,"minecraft:spruce_fence":1,"minecraft:big_dripleaf":3,"minecraft:shield":1,"minecraft:iron_chestplate":1,"minecraft:andesite":1,"minecraft:golden_leggings":2,"minecraft:wooden_shovel":1,"minecraft:spruce_log":7,"minecraft:birch_boat":2,"minecraft:stone_pickaxe":1,"minecraft:wooden_pickaxe":1,"minecraft:raw_gold":2,"minecraft:black_wool":1},"minecraft:mined":{"minecraft:large_amethyst_bud":5,"minecraft:white_bed":14,"minecraft:sculk_vein":47,"minecraft:brewing_stand":1,"ecologics:surface_moss":1,"minecraft:spruce_trapdoor":2,"minecraft:cave_vines_plant":16,"minecraft:granite":8,"minecraft:grass_block":73,"minecraft:green_concrete":2,"minecraft:frosted_ice":1,"minecraft:spawner":1,"minecraft:sculk_catalyst":4,"minecraft:iron_ore":80,"minecraft:fire":1,"minecraft:barrel":1,"minecraft:deepslate_lapis_ore":1,"minecraft:anvil":1,"minecraft:sculk_shrieker":1,"minecraft:pointed_dripstone":2,"minecraft:cave_vines":20,"minecraft:deepslate_redstone_ore":9,"minecraft:smoker":1,"minecraft:amethyst_cluster":3,"minecraft:torch":2,"minecraft:blast_furnace":1,"minecraft:calcite":1,"minecraft:chest":4,"minecraft:cobblestone":29,"minecraft:sugar_cane":3,"minecraft:oak_planks":11,"minecraft:wall_torch":2,"minecraft:amethyst_block":1,"minecraft:birch_log":424,"minecraft:grass":49,"minecraft:oak_log":50,"minecraft:loom":1,"minecraft:sand":3,"minecraft:dirt":43,"minecraft:smooth_basalt":3,"minecraft:oak_leaves":9,"minecraft:deepslate":11,"minecraft:suspicious_gravel":1,"minecraft:diamond_ore":3,"minecraft:tuff":1,"minecraft:deepslate_diamond_ore":3,"minecraft:dark_oak_log":34,"minecraft:glow_lichen":1,"minecraft:birch_fence_gate":2,"minecraft:spruce_fence":1,"ecologics:coconut_log":34,"minecraft:spruce_leaves":6,"minecraft:kelp":1,"minecraft:large_fern":20,"minecraft:hay_block":26,"minecraft:furnace":9,"minecraft:snow":40,"minecraft:andesite":38,"minecraft:stripped_spruce_log":1,"minecraft:gold_block":1,"minecraft:big_dripleaf_stem":2,"minecraft:bookshelf":13,"minecraft:deepslate_iron_ore":61,"minecraft:vine":4,"minecraft:rail":1,"minecraft:stone":351,"minecraft:podzol":2,"minecraft:smithing_table":1,"minecraft:glass_pane":1,"minecraft:crafting_table":15,"minecraft:sculk_sensor":6,"minecraft:lectern":1,"minecraft:tall_grass":9,"minecraft:lapis_ore":5,"minecraft:deepslate_gold_ore":12,"minecraft:sculk":453,"minecraft:diorite":5,"minecraft:big_dripleaf":1,"minecraft:birch_planks":45,"minecraft:sweet_berry_bush":6,"minecraft:ice":3,"minecraft:spruce_log":252,"minecraft:birch_leaves":1,"minecraft:bee_nest":1,"minecraft:coal_ore":96,"minecraft:dripstone_block":2,"minecraft:gray_carpet":1,"minecraft:lodestone":1,"minecraft:cobweb":8,"minecraft:fern":5},"minecraft:picked_up":{"minecraft:wooden_axe":1,"minecraft:wheat":13,"minecraft:anvil":1,"minecraft:smithing_table":1,"minecraft:lead":6,"minecraft:potion":3,"minecraft:enchanted_book":1,"minecraft:brewing_stand":1,"minecraft:amethyst_block":1,"minecraft:string":15,"minecraft:sea_pickle":3,"minecraft:cobbled_deepslate":34,"minecraft:spruce_planks":54,"minecraft:enchanted_golden_apple":1,"minecraft:furnace":9,"ecologics:crab_claw":2,"tombstone:scroll_of_lightning_resistance":1,"minecraft:stick":106,"minecraft:big_dripleaf":3,"minecraft:torch":72,"ecologics:coconut_seedling":3,"minecraft:porkchop":17,"tombstone:bone_needle":3,"minecraft:pointed_dripstone":32,"tombstone:grave_dust":5,"minecraft:diorite":7,"minecraft:golden_chestplate":2,"minecraft:rotten_flesh":20,"ecologics:coconut_log":26,"minecraft:obsidian":1,"minecraft:snowball":54,"minecraft:cobblestone":415,"minecraft:birch_log":412,"minecraft:feather":7,"minecraft:water_bucket":1,"minecraft:andesite":39,"minecraft:golden_leggings":2,"minecraft:smoker":1,"minecraft:potato":3,"minecraft:tuff":1,"artifacts:flippers":1,"minecraft:lapis_lazuli":93,"minecraft:dirt":230,"minecraft:lantern":1,"minecraft:name_tag":1,"minecraft:bone":31,"minecraft:bow":2,"minecraft:wheat_seeds":12,"minecraft:raw_gold":14,"minecraft:oak_planks":13,"minecraft:cooked_porkchop":3,"minecraft:birch_fence_gate":2,"minecraft:sand":3,"ecologics:coconut_husk":2,"minecraft:stripped_spruce_log":3,"minecraft:loom":1,"minecraft:green_concrete":2,"minecraft:diamond":8,"minecraft:crossbow":1,"minecraft:granite":12,"minecraft:emerald":1,"minecraft:bread":19,"minecraft:oak_sapling":7,"minecraft:charcoal":12,"minecraft:crafting_table":16,"minecraft:gold_block":1,"minecraft:shield":1,"minecraft:wooden_sword":1,"minecraft:iron_axe":2,"minecraft:beef":15,"minecraft:iron_nugget":29,"minecraft:lectern":3,"minecraft:sugar_cane":28,"minecraft:chest":11,"minecraft:birch_sapling":102,"minecraft:spruce_trapdoor":2,"minecraft:egg":4,"minecraft:raw_iron":159,"ecologics:coconut_slice":6,"sophisticatedbackpacks:backpack":1,"minecraft:spruce_fence":1,"minecraft:fire_charge":2,"minecraft:redstone":42,"minecraft:stone_shovel":1,"minecraft:arrow":27,"minecraft:hay_block":26,"minecraft:saddle":1,"minecraft:gold_ingot":2,"minecraft:skeleton_skull":1,"minecraft:glow_berries":17,"minecraft:mutton":13,"minecraft:white_wool":9,"minecraft:rail":18,"minecraft:leather":17,"minecraft:birch_planks":45,"minecraft:oak_log":28,"minecraft:lily_pad":1,"minecraft:gunpowder":4,"minecraft:paper":3,"minecraft:white_banner":2,"tombstone:gift":1,"minecraft:cooked_mutton":9,"minecraft:kelp":1,"minecraft:stone_pickaxe":1,"minecraft:cooked_chicken":3,"minecraft:book":42,"minecraft:smooth_basalt":12,"minecraft:birch_boat":1,"minecraft:sweet_berries":14,"minecraft:dripstone_block":56,"minecraft:amethyst_shard":16,"minecraft:blast_furnace":1,"minecraft:spruce_sapling":18,"minecraft:white_bed":16,"minecraft:spruce_log":221,"minecraft:stone_axe":1,"minecraft:iron_helmet":1,"minecraft:lodestone":1,"tombstone:magic_scroll":1,"minecraft:black_wool":1,"minecraft:coal":121},"minecraft:killed_by":{"minecraft:zombie":1},"minecraft:killed":{"minecraft:witch":2,"minecraft:spider":5,"minecraft:skeleton":29,"ecologics:coconut_crab":2,"artifacts:mimic":2,"minecraft:pig":17,"minecraft:creeper":2,"minecraft:sheep":15,"minecraft:pillager":10,"minecraft:zombie":30,"ecologics:penguin":1,"minecraft:cow":12,"minecraft:drowned":10,"minecraft:enderman":2},"minecraft:custom":{"minecraft:interact_with_crafting_table":69,"minecraft:open_barrel":21,"minecraft:eat_cake_slice":5,"minecraft:leave_game":8,"minecraft:time_since_death":90831,"minecraft:sprint_one_cm":963202,"minecraft:damage_blocked_by_shield":5010,"minecraft:drop":171,"minecraft:talked_to_villager":3,"minecraft:play_time":379645,"minecraft:deaths":3,"minecraft:jump":8649,"minecraft:interact_with_brewingstand":1,"minecraft:walk_on_water_one_cm":65120,"minecraft:interact_with_furnace":47,"minecraft:interact_with_loom":1,"minecraft:sleep_in_bed":12,"minecraft:damage_dealt":15893,"minecraft:crouch_one_cm":44713,"tombstone:undead_killed":31,"minecraft:interact_with_smoker":11,"minecraft:horse_one_cm":5668,"minecraft:interact_with_smithing_table":1,"minecraft:mob_kills":84,"minecraft:interact_with_anvil":1,"minecraft:climb_one_cm":1361,"minecraft:walk_one_cm":863365,"minecraft:sneak_time":14895,"minecraft:walk_under_water_one_cm":51780,"minecraft:boat_one_cm":248099,"minecraft:interact_with_lectern":19,"minecraft:interact_with_blast_furnace":7,"minecraft:total_world_time":379645,"tombstone:raider_killed":6,"minecraft:interact_with_grindstone":1,"minecraft:time_since_rest":61184,"minecraft:damage_taken":6082,"tombstone:cast_on_ally":0,"minecraft:swim_one_cm":54959,"minecraft:fly_one_cm":1213137,"minecraft:open_chest":99,"minecraft:fall_one_cm":186040},"minecraft:used":{"minecraft:chest":4,"minecraft:shield":36,"minecraft:iron_chestplate":1,"minecraft:tuff":1,"minecraft:axolotl_bucket":4,"minecraft:snowball":54,"minecraft:stripped_spruce_log":3,"minecraft:lava_bucket":1,"spartanshields:iron_basic_shield":56,"minecraft:oak_sapling":7,"minecraft:furnace":8,"minecraft:stone_pickaxe":83,"minecraft:oak_planks":11,"minecraft:wooden_pickaxe":19,"minecraft:glow_berries":19,"minecraft:sand":3,"minecraft:blast_furnace":1,"minecraft:dripstone_block":4,"minecraft:birch_fence_gate":11,"minecraft:bread":68,"ecologics:coconut_slice":9,"minecraft:fire_charge":1,"minecraft:wooden_sword":11,"minecraft:birch_log":16,"minecraft:stone_shovel":96,"minecraft:spruce_planks":2,"minecraft:wooden_shovel":45,"minecraft:cooked_chicken":3,"minecraft:torch":168,"minecraft:dirt":181,"minecraft:anvil":1,"minecraft:iron_hoe":502,"minecraft:wooden_axe":39,"minecraft:iron_axe":1194,"minecraft:iron_boots":1,"tombstone:gift":8,"ecologics:coconut_seedling":1,"minecraft:cooked_beef":13,"minecraft:iron_leggings":1,"minecraft:cooked_mutton":7,"minecraft:water_bucket":11,"minecraft:birch_planks":1370,"minecraft:crafting_table":23,"minecraft:white_bed":15,"minecraft:smoker":2,"minecraft:apple":2,"minecraft:iron_pickaxe":669,"tombstone:magic_scroll":2,"minecraft:spruce_trapdoor":2,"minecraft:stone_axe":49,"minecraft:cobblestone":160,"minecraft:potion":2,"ecologics:coconut_log":8,"minecraft:white_banner":1,"minecraft:cooked_porkchop":17,"minecraft:bucket":17,"minecraft:kelp":1}},"DataVersion":3465}