{"stats":{"minecraft:used":{"minecraft:wooden_axe":31,"minecraft:wooden_pickaxe":19,"minecraft:wooden_sword":3,"minecraft:dirt":5,"minecraft:crafting_table":2},"minecraft:custom":{"minecraft:time_since_rest":7659,"minecraft:sprint_one_cm":18238,"minecraft:damage_taken":135,"minecraft:walk_one_cm":16882,"minecraft:drop":20,"minecraft:damage_dealt":106,"minecraft:interact_with_crafting_table":8,"minecraft:fly_one_cm":25505,"minecraft:crouch_one_cm":93,"minecraft:play_time":7659,"minecraft:sneak_time":136,"minecraft:jump":92,"minecraft:leave_game":2,"minecraft:time_since_death":7659,"minecraft:total_world_time":7659,"minecraft:fall_one_cm":1523},"minecraft:dropped":{"minecraft:wooden_axe":1,"minecraft:cobblestone":11,"minecraft:wooden_sword":1,"minecraft:spruce_log":7},"minecraft:crafted":{"minecraft:wooden_sword":2,"minecraft:crafting_table":1,"minecraft:spruce_planks":88,"minecraft:stick":4,"minecraft:wooden_pickaxe":1,"minecraft:stone_pickaxe":1,"minecraft:wooden_axe":2},"minecraft:picked_up":{"minecraft:stick":7,"minecraft:crafting_table":2,"minecraft:spruce_sapling":6,"minecraft:spruce_log":29,"minecraft:dirt":22,"minecraft:sugar_cane":12,"minecraft:snowball":12,"minecraft:cobblestone":17},"minecraft:mined":{"minecraft:large_fern":10,"minecraft:spruce_log":29,"minecraft:crafting_table":1,"minecraft:grass":1,"minecraft:grass_block":2,"minecraft:dirt":3,"minecraft:stone":17,"minecraft:sugar_cane":3,"minecraft:fern":3}},"DataVersion":3465}