{"stats":{"minecraft:mined":{"minecraft:large_amethyst_bud":5,"minecraft:white_bed":14,"minecraft:sculk_vein":43,"ecologics:surface_moss":1,"minecraft:spruce_trapdoor":2,"minecraft:cave_vines_plant":15,"minecraft:granite":8,"minecraft:grass_block":73,"minecraft:green_concrete":2,"minecraft:sculk_catalyst":3,"minecraft:iron_ore":71,"minecraft:fire":1,"minecraft:barrel":1,"minecraft:anvil":1,"minecraft:deepslate_lapis_ore":1,"minecraft:sculk_shrieker":1,"minecraft:pointed_dripstone":2,"minecraft:cave_vines":20,"minecraft:deepslate_redstone_ore":9,"minecraft:smoker":1,"minecraft:amethyst_cluster":3,"minecraft:torch":2,"minecraft:blast_furnace":1,"minecraft:calcite":1,"minecraft:chest":3,"minecraft:cobblestone":29,"minecraft:sugar_cane":3,"minecraft:oak_planks":11,"minecraft:wall_torch":1,"minecraft:amethyst_block":1,"minecraft:birch_log":423,"minecraft:grass":47,"minecraft:oak_log":50,"minecraft:sand":3,"minecraft:dirt":43,"minecraft:smooth_basalt":3,"minecraft:oak_leaves":7,"minecraft:deepslate":7,"minecraft:suspicious_gravel":1,"minecraft:diamond_ore":3,"minecraft:tuff":1,"minecraft:deepslate_diamond_ore":3,"minecraft:birch_fence_gate":2,"minecraft:spruce_fence":1,"ecologics:coconut_log":34,"minecraft:spruce_leaves":6,"minecraft:large_fern":20,"minecraft:hay_block":26,"minecraft:furnace":8,"minecraft:snow":40,"minecraft:andesite":38,"minecraft:stripped_spruce_log":1,"minecraft:gold_block":1,"minecraft:big_dripleaf_stem":2,"minecraft:bookshelf":4,"minecraft:deepslate_iron_ore":60,"minecraft:vine":4,"minecraft:rail":1,"minecraft:stone":350,"minecraft:podzol":2,"minecraft:smithing_table":1,"minecraft:glass_pane":1,"minecraft:crafting_table":13,"minecraft:sculk_sensor":5,"minecraft:tall_grass":9,"minecraft:lapis_ore":5,"minecraft:deepslate_gold_ore":10,"minecraft:sculk":392,"minecraft:diorite":5,"minecraft:big_dripleaf":1,"minecraft:birch_planks":45,"minecraft:sweet_berry_bush":6,"minecraft:ice":3,"minecraft:spruce_log":252,"minecraft:bee_nest":1,"minecraft:coal_ore":96,"minecraft:dripstone_block":2,"minecraft:cobweb":8,"minecraft:fern":5},"minecraft:dropped":{"minecraft:cooked_beef":1,"minecraft:cooked_porkchop":12,"ecologics:coconut_slice":2,"minecraft:leather":2,"minecraft:saddle":1,"tombstone:bone_needle":3,"minecraft:wooden_sword":1,"minecraft:gold_ingot":2,"minecraft:bone":3,"minecraft:stone_axe":1,"minecraft:sugar_cane":16,"minecraft:golden_chestplate":2,"minecraft:birch_sapling":56,"minecraft:obsidian":1,"minecraft:pointed_dripstone":12,"minecraft:rotten_flesh":5,"minecraft:cooked_mutton":13,"minecraft:white_bed":1,"minecraft:arrow":4,"minecraft:lectern":1,"minecraft:enchanted_book":1,"minecraft:iron_ingot":3,"minecraft:bread":40,"minecraft:wheat_seeds":9,"ecologics:coconut_seedling":1,"minecraft:iron_helmet":1,"minecraft:cobblestone":13,"minecraft:lead":2,"minecraft:apple":3,"minecraft:granite":2,"minecraft:golden_apple":1,"minecraft:stick":2,"minecraft:milk_bucket":1,"minecraft:diorite":3,"minecraft:torch":11,"minecraft:wooden_axe":2,"minecraft:fire_charge":2,"minecraft:iron_leggings":1,"minecraft:iron_axe":1,"minecraft:paper":3,"minecraft:lily_pad":1,"minecraft:smooth_basalt":4,"minecraft:stone_shovel":2,"minecraft:iron_boots":1,"minecraft:green_concrete":2,"sophisticatedbackpacks:backpack":1,"minecraft:spruce_fence":1,"minecraft:shield":1,"minecraft:iron_chestplate":1,"minecraft:andesite":1,"minecraft:golden_leggings":2,"minecraft:spruce_log":7,"minecraft:stone_pickaxe":1,"minecraft:wooden_pickaxe":1,"minecraft:raw_gold":2,"minecraft:black_wool":1},"minecraft:custom":{"minecraft:interact_with_crafting_table":58,"minecraft:open_barrel":10,"minecraft:leave_game":7,"minecraft:time_since_death":13946,"minecraft:sprint_one_cm":812741,"minecraft:damage_blocked_by_shield":2595,"minecraft:drop":115,"minecraft:talked_to_villager":3,"minecraft:play_time":302760,"minecraft:deaths":3,"minecraft:jump":7425,"minecraft:walk_on_water_one_cm":25359,"minecraft:interact_with_furnace":43,"minecraft:sleep_in_bed":11,"minecraft:damage_dealt":11111,"minecraft:crouch_one_cm":43826,"tombstone:undead_killed":15,"minecraft:interact_with_smoker":5,"minecraft:horse_one_cm":5668,"minecraft:interact_with_smithing_table":1,"minecraft:mob_kills":48,"minecraft:interact_with_anvil":1,"minecraft:climb_one_cm":1361,"minecraft:walk_one_cm":698151,"minecraft:sneak_time":13822,"minecraft:walk_under_water_one_cm":2197,"minecraft:interact_with_blast_furnace":7,"minecraft:total_world_time":302760,"tombstone:raider_killed":6,"minecraft:time_since_rest":11592,"minecraft:damage_taken":4689,"tombstone:cast_on_ally":0,"minecraft:swim_one_cm":238,"minecraft:fly_one_cm":1034178,"minecraft:open_chest":78,"minecraft:fall_one_cm":157102},"minecraft:crafted":{"minecraft:oak_planks":8,"minecraft:cooked_mutton":11,"spartanshields:iron_basic_shield":1,"minecraft:iron_boots":2,"minecraft:birch_fence_gate":9,"minecraft:chest":2,"minecraft:smoker":1,"minecraft:wooden_shovel":2,"sophisticatedbackpacks:backpack":2,"minecraft:cooked_porkchop":27,"minecraft:crafting_table":7,"minecraft:spruce_planks":88,"minecraft:wooden_pickaxe":1,"minecraft:iron_helmet":2,"minecraft:birch_planks":1580,"minecraft:iron_chestplate":2,"minecraft:charcoal":13,"minecraft:shield":2,"minecraft:stick":12,"minecraft:iron_ingot":93,"minecraft:iron_pickaxe":3,"spartanshields:wooden_basic_shield":1,"minecraft:wooden_sword":2,"minecraft:stone_shovel":1,"ecologics:coconut_planks":72,"minecraft:furnace":3,"minecraft:iron_axe":5,"minecraft:iron_hoe":2,"minecraft:stone_pickaxe":1,"minecraft:wheat":221,"minecraft:cooked_beef":4,"minecraft:bucket":1,"minecraft:stone_axe":1,"minecraft:bread":78,"minecraft:air":0,"minecraft:wooden_axe":2,"minecraft:iron_leggings":2,"minecraft:white_bed":1,"minecraft:torch":100,"tombstone:bone_needle":2},"minecraft:picked_up":{"minecraft:wooden_axe":1,"minecraft:wheat":13,"minecraft:anvil":1,"minecraft:smithing_table":1,"minecraft:lead":6,"minecraft:enchanted_book":1,"minecraft:amethyst_block":1,"minecraft:string":10,"minecraft:sea_pickle":3,"minecraft:cobbled_deepslate":21,"minecraft:spruce_planks":54,"minecraft:furnace":8,"tombstone:scroll_of_lightning_resistance":1,"minecraft:stick":100,"minecraft:big_dripleaf":3,"minecraft:torch":68,"ecologics:coconut_seedling":3,"minecraft:porkchop":7,"tombstone:bone_needle":3,"tombstone:grave_dust":1,"minecraft:pointed_dripstone":32,"minecraft:diorite":7,"minecraft:golden_chestplate":2,"minecraft:rotten_flesh":15,"ecologics:coconut_log":26,"minecraft:obsidian":1,"minecraft:snowball":54,"minecraft:cobblestone":413,"minecraft:birch_log":411,"minecraft:feather":7,"minecraft:water_bucket":1,"minecraft:andesite":39,"minecraft:golden_leggings":2,"minecraft:smoker":1,"minecraft:tuff":1,"minecraft:dirt":230,"minecraft:lapis_lazuli":93,"minecraft:lantern":1,"artifacts:flippers":1,"minecraft:name_tag":1,"minecraft:bone":21,"minecraft:bow":1,"minecraft:wheat_seeds":11,"minecraft:raw_gold":11,"minecraft:oak_planks":11,"minecraft:cooked_porkchop":3,"minecraft:birch_fence_gate":2,"minecraft:sand":3,"minecraft:stripped_spruce_log":3,"minecraft:green_concrete":2,"minecraft:diamond":8,"minecraft:crossbow":1,"minecraft:granite":8,"minecraft:bread":19,"minecraft:emerald":1,"minecraft:oak_sapling":7,"minecraft:charcoal":10,"minecraft:crafting_table":14,"minecraft:gold_block":1,"minecraft:shield":1,"minecraft:wooden_sword":1,"minecraft:iron_axe":1,"minecraft:beef":9,"minecraft:iron_nugget":29,"minecraft:lectern":2,"minecraft:sugar_cane":28,"minecraft:chest":10,"minecraft:birch_sapling":102,"minecraft:spruce_trapdoor":2,"minecraft:egg":4,"minecraft:raw_iron":149,"ecologics:coconut_slice":2,"minecraft:spruce_fence":1,"minecraft:fire_charge":2,"minecraft:redstone":42,"minecraft:stone_shovel":1,"minecraft:arrow":13,"minecraft:hay_block":26,"minecraft:saddle":1,"minecraft:gold_ingot":2,"minecraft:glow_berries":16,"minecraft:mutton":11,"minecraft:white_wool":5,"minecraft:rail":18,"minecraft:leather":16,"minecraft:birch_planks":45,"minecraft:oak_log":28,"minecraft:lily_pad":1,"minecraft:gunpowder":4,"minecraft:paper":3,"tombstone:gift":1,"minecraft:white_banner":2,"minecraft:cooked_mutton":9,"minecraft:stone_pickaxe":1,"minecraft:cooked_chicken":3,"minecraft:book":15,"minecraft:smooth_basalt":12,"minecraft:sweet_berries":14,"minecraft:dripstone_block":56,"minecraft:amethyst_shard":16,"minecraft:spruce_sapling":18,"minecraft:blast_furnace":1,"minecraft:white_bed":16,"minecraft:spruce_log":221,"minecraft:stone_axe":1,"minecraft:black_wool":1,"minecraft:coal":121},"minecraft:broken":{"minecraft:iron_hoe":1,"minecraft:iron_axe":4,"minecraft:iron_pickaxe":2},"minecraft:used":{"minecraft:chest":4,"minecraft:shield":36,"minecraft:iron_chestplate":1,"minecraft:tuff":1,"minecraft:axolotl_bucket":4,"minecraft:snowball":54,"minecraft:stripped_spruce_log":3,"minecraft:lava_bucket":1,"spartanshields:iron_basic_shield":5,"minecraft:furnace":8,"minecraft:oak_sapling":7,"minecraft:stone_pickaxe":83,"minecraft:oak_planks":11,"minecraft:wooden_pickaxe":19,"minecraft:glow_berries":19,"minecraft:sand":3,"minecraft:blast_furnace":1,"minecraft:dripstone_block":4,"minecraft:birch_fence_gate":11,"minecraft:bread":68,"minecraft:fire_charge":1,"minecraft:wooden_sword":11,"minecraft:birch_log":16,"minecraft:stone_shovel":96,"minecraft:spruce_planks":2,"minecraft:wooden_shovel":45,"minecraft:cooked_chicken":3,"minecraft:torch":154,"minecraft:dirt":181,"minecraft:anvil":1,"minecraft:iron_hoe":444,"minecraft:wooden_axe":39,"minecraft:iron_axe":1061,"minecraft:iron_boots":1,"tombstone:gift":8,"ecologics:coconut_seedling":1,"minecraft:cooked_beef":3,"minecraft:iron_leggings":1,"minecraft:cooked_mutton":7,"minecraft:water_bucket":9,"minecraft:birch_planks":1370,"minecraft:crafting_table":21,"minecraft:white_bed":15,"minecraft:smoker":1,"minecraft:iron_pickaxe":647,"minecraft:spruce_trapdoor":2,"minecraft:stone_axe":49,"minecraft:cobblestone":152,"minecraft:white_banner":1,"ecologics:coconut_log":8,"minecraft:cooked_porkchop":12,"minecraft:bucket":15},"minecraft:killed_by":{"minecraft:zombie":1},"minecraft:killed":{"minecraft:witch":2,"minecraft:spider":3,"minecraft:skeleton":11,"artifacts:mimic":2,"minecraft:pig":3,"minecraft:sheep":5,"minecraft:pillager":10,"minecraft:zombie":26,"ecologics:penguin":1,"minecraft:cow":6,"minecraft:enderman":2}},"DataVersion":3465}